pedido_id,cliente_id,product_id,quantidade,data_pedido,canal_venda
PED000001,C00166,P00022,3,2026-08-24,Loja Fisica
PED000002,C00143,P00044,13,2026-08-23,Televendas
PED000003,C00186,P00055,22,2026-09-13,E-commerce
PED000004,C00086,P00006,19,2026-09-04,E-commerce
PED000005,C00090,P00020,21,2026-09-05,Marketplace
PED000006,C00034,P00039,23,2026-09-13,Loja Fisica
PED000007,C00080,P00036,13,2026-09-03,Televendas
PED000008,C00033,P00043,23,2026-09-09,Loja Fisica
PED000009,C00166,P00043,14,2026-08-30,Televendas
PED000010,C00005,P00024,10,2026-08-19,E-commerce
PED000011,C00088,P00050,16,2026-08-20,E-commerce
PED000012,C00036,P00010,3,2026-08-23,Loja Fisica
PED000013,C00130,P00050,18,2026-09-09,Loja Fisica
PED000014,C00170,P00022,25,2026-09-02,E-commerce
PED000015,C00153,P00025,5,2026-08-19,E-commerce
PED000016,C00178,P91715,20,2026-09-08,E-commerce
PED000017,C00106,P00024,22,2026-09-06,E-commerce
PED000018,C00114,P00040,10,2026-09-07,Marketplace
PED000019,C00060,P00035,8,2026-08-23,Marketplace
PED000020,C00050,P00024,22,2026-09-13,Marketplace
PED000021,C00119,P00050,10,2026-09-07,Marketplace
PED000022,C00129,P00034,14,2026-09-13,E-commerce
PED000023,C00052,P00052,20,2026-08-18,Televendas
PED000024,C00014,P00042,16,2026-09-10,Televendas
PED000025,C00142,P00060,4,2026-09-05,Loja Fisica
PED000026,C00073,P00006,25,2026-08-19,Televendas
PED000027,C00116,P00058,17,2026-08-18,Marketplace
PED000028,C00024,P00059,8,2026-09-09,Marketplace
PED000029,C00090,P00060,1,2026-08-27,Loja Fisica
PED000030,C00102,P00033,12,2026-08-21,Marketplace
PED000031,C00021,P00024,8,2026-08-14,Televendas
PED000032,C00026,P00054,23,2026-09-03,Televendas
PED000033,C00038,P00009,2,2026-08-23,Marketplace
PED000034,C00179,P00054,5,2026-09-07,Marketplace
PED000035,C00115,P00040,1,2026-09-11,Loja Fisica
PED000036,C00005,P00017,7,2026-09-09,E-commerce
PED000037,C00141,P00047,20,2026-08-30,Marketplace
PED000038,C00029,P00050,10,2026-08-21,Televendas
PED000039,C00032,P00004,-2,2026-08-27,Marketplace
PED000040,C00128,P00039,18,2026-08-14,E-commerce
PED000041,C00184,P00010,10,2026-08-27,Loja Fisica
PED000042,C00158,P00023,8,2026-09-01,Marketplace
PED000043,C00048,P00043,-9,2026-08-16,Televendas
PED000044,C00140,P00033,17,2026-08-31,Loja Fisica
PED000045,C00100,P00056,16,2026-08-15,Marketplace
PED000046,C00096,P00017,24,2026-08-14,Televendas
PED000047,C00018,P00023,8,2026-09-06,Loja Fisica
PED000048,C00198,P00038,24,2026-09-07,Televendas
PED000049,C00035,P00003,12,2026-08-31,Televendas
PED000050,C00165,P00012,25,2026-09-04,Marketplace
PED000051,C00179,P00031,21,2026-08-19,E-commerce
PED000052,C00017,P00046,25,2026-09-13,Marketplace
PED000053,C00010,P00019,7,2026-08-15,E-commerce
PED000054,C00011,P00021,10,2026-08-30,Marketplace
PED000055,C00140,P00031,9,2026-08-15,E-commerce
PED000056,C00074,P00023,25,2026-08-15,Televendas
PED000057,C00070,P00008,12,2026-08-27,Marketplace
PED000058,C00191,P00029,13,2026-08-24,E-commerce
PED000059,C00128,P00045,16,2026-08-25,Televendas
PED000060,C00022,P00047,14,2026-08-16,Marketplace
PED000061,C00155,P00053,6,2026-08-31,Televendas
PED000062,C00083,P00007,3,2026-08-24,Televendas
PED000063,C00079,P00029,20,2026-09-05,Marketplace
PED000064,C00043,P00045,15,2026-08-25,Marketplace
PED000065,C00011,P00047,12,2026-09-02,Marketplace
PED000066,C00071,P00041,2,2026-08-16,Marketplace
PED000067,C00094,P00033,24,2026-09-04,E-commerce
PED000068,C00008,P00010,20,2026-09-04,Marketplace
PED000069,C00009,P00009,3,2026-08-21,Televendas
PED000070,C00093,P00025,19,2026-08-15,E-commerce
PED000071,C00174,P00029,12,2026-08-25,Marketplace
PED000072,C00196,P00005,19,2026-08-18,Televendas
PED000073,C00102,P00021,21,2026-08-22,E-commerce
PED000074,C00030,P00002,24,2026-08-19,Marketplace
PED000075,C00133,P00025,18,2026-08-17,Televendas
PED000076,C00199,P00017,23,2026-08-28,E-commerce
PED000077,C00157,P00019,23,2026-09-12,Marketplace
PED000078,C00052,P93828,5,2026-09-10,Loja Fisica
PED000079,C00183,P00029,3,2026-09-08,Televendas
PED000080,C00171,P00023,23,2026-08-16,Televendas
PED000081,C99335,P00055,6,2026-09-05,E-commerce
PED000082,C00058,P00008,7,2026-09-08,E-commerce
PED000083,C00061,P00051,16,2026-08-14,Televendas
PED000084,C00142,P00037,12,2026-08-28,E-commerce
PED000085,C00157,P98842,3,2026-08-16,Televendas
PED000086,C00135,P00027,25,2026-08-27,Loja Fisica
PED000087,C00033,P99476,21,2026-08-16,Marketplace
PED000088,C00089,P00009,25,2026-08-31,E-commerce
PED000089,C00197,P00009,14,2026-08-30,Loja Fisica
PED000090,C00032,P00034,5,2026-08-23,E-commerce
PED000091,C00042,P00021,23,2026-08-21,Televendas
PED000092,C00133,P00058,10,2026-09-10,Loja Fisica
PED000093,C00065,P00013,21,2026-09-13,Televendas
PED000094,C00033,P00041,0,2026-09-02,Loja Fisica
PED000095,C00152,P00038,5,2026-08-19,Televendas
PED000096,C00145,P00003,1,2026-08-16,Loja Fisica
PED000097,C00165,P00050,19,2026-08-22,E-commerce
PED000098,C00197,P00037,14,2026-09-02,Loja Fisica
PED000099,C00128,P00057,21,2026-08-31,Televendas
PED000100,C00165,P00020,16,2026-08-21,Marketplace
PED000101,C00077,P00030,3,2026-09-05,Loja Fisica
PED000102,C00041,P00029,14,2026-08-29,Marketplace
PED000103,C00053,P00022,20,2026-08-18,Televendas
PED000104,C00184,P00021,24,2026-09-10,Televendas
PED000105,C00103,P00009,25,2026-08-25,Loja Fisica
PED000106,C00082,P00016,15,2026-08-17,Televendas
PED000107,C00116,P00016,5,2026-08-17,Loja Fisica
PED000108,C00075,P00025,0,2026-08-27,E-commerce
PED000109,C00084,P00060,19,2026-09-06,Televendas
PED000110,C00049,P00049,6,2026-08-29,Marketplace
PED000111,C00128,P00057,10,2026-08-29,Loja Fisica
PED000112,C00024,P00026,17,2026-08-28,E-commerce
PED000113,C99108,P00038,12,2026-08-15,Loja Fisica
PED000114,C00153,P00057,21,2026-09-04,Marketplace
PED000115,C00074,P00035,1,2026-09-10,Loja Fisica
PED000116,C00111,P96995,9,2026-09-06,Televendas
PED000117,C95728,P00026,2,2026-09-01,E-commerce
PED000118,C00019,P00025,17,2026-08-28,Televendas
PED000119,C00160,P00044,20,2026-08-17,E-commerce
PED000120,C00025,P00026,12,2026-09-08,Televendas
PED000121,C00143,P00024,25,2026-08-18,E-commerce
PED000122,C00155,P00033,13,2026-08-30,Loja Fisica
PED000123,C00012,P00003,5,2026-09-05,Televendas
PED000124,C00122,P00034,15,2026-08-18,E-commerce
PED000125,C00084,P00060,20,2026-08-24,E-commerce
PED000126,C00101,P00040,24,2026-09-09,Televendas
PED000127,C98780,P00022,17,2026-09-09,Marketplace
PED000128,C00005,P00024,11,2026-09-04,Loja Fisica
PED000129,C00107,P00038,10,2026-09-08,Loja Fisica
PED000130,C00153,P00031,9,2026-09-13,E-commerce
PED000131,C00185,P00004,19,2026-08-29,E-commerce
PED000132,C00135,P00041,24,2026-09-02,Marketplace
PED000133,C00038,P00053,22,2026-08-21,Loja Fisica
PED000134,C00147,P00045,4,2026-08-20,Loja Fisica
PED000135,C00113,P00021,14,2026-08-18,Marketplace
PED000136,C00177,P00014,14,2026-08-30,Marketplace
PED000137,C00189,P00047,2,2026-09-05,E-commerce
PED000138,C00133,P00014,18,2026-08-24,Marketplace
PED000139,C00135,P00025,11,2026-09-13,E-commerce
PED000140,C98932,P00059,18,2026-08-24,Televendas
PED000141,C00050,P00016,9,2026-08-31,Televendas
PED000142,C00058,P00020,25,2026-08-23,E-commerce
PED000143,C00177,P00046,16,2026-08-24,Marketplace
PED000144,C00090,P00036,24,2026-08-22,Televendas
PED000145,C00032,P00037,22,2026-08-31,Marketplace
PED000146,C00102,P00053,12,2026-09-13,E-commerce
PED000147,C00075,P00003,10,2026-09-13,Loja Fisica
PED000148,C00089,P94505,15,2026-09-03,Televendas
PED000149,C00052,P00053,18,2026-08-22,Televendas
PED000150,C00036,P00007,20,2026-09-06,E-commerce
PED000151,C00063,P00004,22,2026-09-11,E-commerce
PED000152,C98739,P00015,2,2026-08-17,Marketplace
PED000153,C00026,P00044,25,2026-08-18,Loja Fisica
PED000154,C00141,P00060,6,2026-08-27,Marketplace
PED000155,C95676,P00042,7,2026-09-07,Televendas
PED000156,C00166,P00004,25,2026-08-16,E-commerce
PED000157,C00137,P00048,0,2026-09-10,Loja Fisica
PED000158,C00107,P99116,6,2026-09-12,Loja Fisica
PED000159,C00048,P00060,24,2026-09-13,Televendas
PED000160,C95662,P00001,10,2026-09-01,Loja Fisica
PED000161,C00117,P00042,18,2026-08-30,Marketplace
PED000162,C00035,P00055,0,2026-08-28,Televendas
PED000163,C00029,P00022,6,2026-09-06,Marketplace
PED000164,C00166,P00017,23,2026-08-19,Loja Fisica
PED000165,C00189,P00022,10,2026-09-01,E-commerce
PED000166,C00045,P00040,21,2026-09-11,Marketplace
PED000167,C00110,P00033,11,2026-08-16,Marketplace
PED000168,C95064,P00007,6,2026-08-18,Marketplace
PED000169,C00002,P00017,13,2026-08-21,Marketplace
PED000170,C00193,P00018,11,2026-08-23,Loja Fisica
PED000171,C00067,P00042,12,2026-09-05,E-commerce
PED000172,C00016,P00043,4,2026-08-28,Televendas
PED000173,C00041,P00026,-5,2026-08-30,Televendas
PED000174,C00095,P00040,8,2026-08-21,E-commerce
PED000175,C00123,P00010,15,2026-09-06,Televendas
PED000176,C00107,P00045,18,2026-09-12,Marketplace
PED000177,C00194,P00035,22,2026-09-09,E-commerce
PED000178,C00196,P00016,22,2026-09-07,Loja Fisica
PED000179,C00135,P00029,17,2026-09-05,Televendas
PED000180,C00020,P00059,19,2026-08-17,Loja Fisica
PED000181,C00141,P00058,0,2026-08-20,E-commerce
PED000182,C00084,P00055,17,2026-08-28,Loja Fisica
PED000183,C00175,P00014,23,2026-09-01,Marketplace
PED000184,C00024,P00058,17,2026-08-28,Loja Fisica
PED000185,C00117,P00009,-9,2026-08-27,Marketplace
PED000186,C00119,P00044,10,2026-09-06,Loja Fisica
PED000187,C00102,P00017,1,2026-09-06,E-commerce
PED000188,C00149,P00005,2,2026-08-27,Televendas
PED000189,C00180,P00005,18,2026-08-15,Loja Fisica
PED000190,C00121,P00003,10,2026-08-27,E-commerce
PED000191,C00197,P00009,25,2026-09-03,Marketplace
PED000192,C00096,P00058,13,2026-08-28,Marketplace
PED000193,C00097,P00006,22,2026-09-13,E-commerce
PED000194,C00168,P00056,12,2026-08-17,E-commerce
PED000195,C00138,P00026,17,2026-08-18,E-commerce
PED000196,C00001,P00049,1,2026-08-23,Marketplace
PED000197,C00173,P00047,18,2026-08-27,Marketplace
PED000198,C00059,P00016,15,2026-08-25,E-commerce
PED000199,C00071,P00013,24,2026-09-07,Loja Fisica
PED000200,C00009,P00052,22,2026-08-27,Loja Fisica
PED000201,C00062,P00014,3,2026-08-17,Loja Fisica
PED000202,C00115,P00039,22,2026-09-05,Loja Fisica
PED000203,C00063,P00048,2,2026-08-26,Marketplace
PED000204,C00060,P00035,7,2026-09-07,Loja Fisica
PED000205,C00036,P00033,10,2026-08-21,Televendas
PED000206,C00148,P00039,25,2026-09-04,Televendas
PED000207,C00061,P00020,5,2026-09-04,E-commerce
PED000208,C00106,P00020,9,2026-08-15,E-commerce
PED000209,C00161,P00044,14,2026-08-31,Marketplace
PED000210,C00013,P00023,21,2026-09-04,Marketplace
PED000211,C00135,P00021,0,2026-08-27,Marketplace
PED000212,C00077,P00025,0,2026-09-07,Marketplace
PED000213,C00058,P00020,23,2026-08-18,Marketplace
PED000214,C00015,P00036,14,2026-09-13,Marketplace
PED000215,C00143,P00034,5,2026-08-26,E-commerce
PED000216,C00066,P00014,11,2026-09-03,Loja Fisica
PED000217,C00116,P00055,-5,2026-08-16,E-commerce
PED000218,C00097,P00044,20,2026-09-02,Loja Fisica
PED000219,C00019,P00013,25,2026-09-01,E-commerce
PED000220,C00123,P00014,11,2026-08-23,Loja Fisica
PED000221,C00055,P00060,7,2026-09-13,Loja Fisica
PED000222,C00192,P00049,16,2026-09-12,E-commerce
PED000223,C00179,P00039,23,2026-08-20,Marketplace
PED000224,C00062,P00036,11,2026-09-07,Televendas
PED000225,C00098,P00030,18,2026-09-03,Televendas
PED000226,C00079,P00017,12,2026-08-30,Marketplace
PED000227,C00120,P00007,24,2026-08-29,Televendas
PED000228,C00053,P00024,0,2026-08-27,Loja Fisica
PED000229,C00190,P00010,1,2026-08-22,Marketplace
PED000230,C00076,P00010,7,2026-08-24,E-commerce
PED000231,C00098,P00037,8,2026-08-29,Televendas
PED000232,C00066,P00049,16,2026-09-13,Marketplace
PED000233,C00118,P00011,24,2026-09-08,Televendas
PED000234,C00044,P00009,0,2026-08-31,Marketplace
PED000235,C00139,P00042,2,2026-08-30,Loja Fisica
PED000236,C00020,P93252,22,2026-08-15,Loja Fisica
PED000237,C00162,P00015,3,2026-09-05,E-commerce
PED000238,C00003,P00014,17,2026-08-28,Televendas
PED000239,C00016,P00040,21,2026-09-04,Marketplace
PED000240,C00169,P00032,1,2026-08-14,Marketplace
PED000241,C00004,P00002,17,2026-09-06,Televendas
PED000242,C00138,P00019,1,2026-08-30,Marketplace
PED000243,C00046,P00007,4,2026-08-30,E-commerce
PED000244,C00062,P00013,20,2026-08-30,Televendas
PED000245,C00091,P00018,13,2026-08-16,Televendas
PED000246,C92320,P00030,19,2026-08-21,E-commerce
PED000247,C00168,P00055,21,2026-09-07,Loja Fisica
PED000248,C00024,P00026,13,2026-08-26,Marketplace
PED000249,C00015,P00041,1,2026-09-05,E-commerce
PED000250,C00022,P00032,14,2026-09-03,Televendas
PED000251,C00145,P00055,4,2026-09-11,Loja Fisica
PED000252,C00059,P00014,23,2026-09-11,Marketplace
PED000253,C00070,P00003,3,2026-09-04,Televendas
PED000254,C00140,P00037,22,2026-08-15,E-commerce
PED000255,C00081,P00002,7,2026-09-01,E-commerce
PED000256,C00193,P00053,23,2026-09-09,Marketplace
PED000257,C00020,P00020,6,2026-09-01,E-commerce
PED000258,C00146,P00054,13,2026-09-04,Televendas
PED000259,C00099,P00049,24,2026-08-18,Loja Fisica
PED000260,C00129,P00048,12,2026-08-15,Loja Fisica
PED000261,C00112,P00015,3,2026-08-24,Marketplace
PED000262,C00199,P00021,1,2026-09-03,Televendas
PED000263,C00116,P00032,8,2026-08-25,Marketplace
PED000264,C00111,P00012,22,2026-09-01,Marketplace
PED000265,C00022,P00050,-2,2026-08-23,E-commerce
PED000266,C00069,P00010,13,2026-09-05,E-commerce
PED000267,C00190,P00025,11,2026-08-25,Loja Fisica
PED000268,C00024,P00001,10,2026-08-28,Televendas
PED000269,C00195,P00018,4,2026-08-18,Loja Fisica
PED000270,C00048,P00028,15,2026-08-31,Marketplace
PED000271,C00027,P00002,3,2026-08-25,Loja Fisica
PED000272,C00153,P00039,11,2026-09-10,Marketplace
PED000273,C00004,P00019,14,2026-08-26,Loja Fisica
PED000274,C00186,P00058,18,2026-09-11,E-commerce
PED000275,C00147,P00034,6,2026-09-04,Marketplace
PED000276,C00044,P00009,9,2026-08-23,Televendas
PED000277,C00127,P00010,3,2026-08-19,Marketplace
PED000278,C00071,P00027,10,2026-08-29,Loja Fisica
PED000279,C00093,P00017,8,2026-09-06,Marketplace
PED000280,C00153,P00040,7,2026-08-28,Loja Fisica
PED000281,C00035,P00020,1,2026-09-13,Marketplace
PED000282,C00086,P96484,20,2026-08-26,Televendas
PED000283,C00111,P00053,21,2026-09-02,E-commerce
PED000284,C00077,P00021,20,2026-09-13,E-commerce
PED000285,C00123,P00021,6,2026-09-13,Marketplace
PED000286,C00082,P00019,24,2026-09-05,Marketplace
PED000287,C00148,P00051,8,2026-08-24,Marketplace
PED000288,C00072,P00053,13,2026-08-25,Loja Fisica
PED000289,C00145,P00013,19,2026-08-31,E-commerce
PED000290,C00175,P00050,18,2026-08-14,Marketplace
PED000291,C00182,P00014,15,2026-09-08,Televendas
PED000292,C00178,P00005,14,2026-09-04,Marketplace
PED000293,C00036,P00041,10,2026-08-21,Televendas
PED000294,C00169,P00010,23,2026-08-27,Marketplace
PED000295,C00019,P00029,20,2026-08-29,Marketplace
PED000296,C00137,P00033,23,2026-08-27,Loja Fisica
PED000297,C00093,P00045,18,2026-09-02,Loja Fisica
PED000298,C00028,P00050,8,2026-09-04,Televendas
PED000299,C00043,P00042,20,2026-08-15,Marketplace
PED000300,C00193,P00022,-5,2026-08-17,Loja Fisica
PED000301,C00057,P00033,24,2026-08-30,E-commerce
PED000302,C00115,P00024,13,2026-08-28,E-commerce
PED000303,C00089,P92406,16,2026-08-17,Televendas
PED000304,C00030,P00054,24,2026-08-18,Televendas
PED000305,C00080,P00022,15,2026-09-08,E-commerce
PED000306,C00134,P00031,12,2026-08-29,Loja Fisica
PED000307,C00113,P00047,23,2026-08-28,Televendas
PED000308,C00018,P00020,2,2026-09-08,Loja Fisica
PED000309,C00006,P00055,0,2026-09-03,Loja Fisica
PED000310,C97985,P00016,17,2026-08-19,E-commerce
PED000311,C00119,P00015,13,2026-09-03,E-commerce
PED000312,C00048,P00041,22,2026-08-27,Marketplace
PED000313,C00008,P00048,20,2026-09-11,E-commerce
PED000314,C00116,P00038,0,2026-08-26,Loja Fisica
PED000315,C00053,P00018,25,2026-09-05,Loja Fisica
PED000316,C00148,P00007,18,2026-08-19,Televendas
PED000317,C00084,P00013,15,2026-08-17,Televendas
PED000318,C00172,P00056,16,2026-08-30,Televendas
PED000319,C00153,P00025,20,2026-08-26,Loja Fisica
PED000320,C00090,P00023,15,2026-09-02,E-commerce
PED000321,C00173,P00046,10,2026-09-12,Loja Fisica
PED000322,C00173,P00009,11,2026-08-17,E-commerce
PED000323,C00079,P00008,6,2026-08-25,E-commerce
PED000324,C00131,P00025,14,2026-09-02,E-commerce
PED000325,C00148,P00025,14,2026-08-19,Marketplace
PED000326,C00163,P00035,0,2026-09-12,E-commerce
PED000327,C00126,P00019,5,2026-08-19,Televendas
PED000328,C00116,P00040,2,2026-09-10,Televendas
PED000329,C00003,P00032,5,2026-08-20,Marketplace
PED000330,C00144,P00033,21,2026-08-29,Marketplace
PED000331,C00176,P00032,14,2026-09-05,Marketplace
PED000332,C00126,P00011,3,2026-09-01,Loja Fisica
PED000333,C00195,P00015,10,2026-08-15,Televendas
PED000334,C00058,P00035,10,2026-08-19,Marketplace
PED000335,C00145,P00048,25,2026-09-07,Marketplace
PED000336,C00141,P00033,4,2026-09-01,Loja Fisica
PED000337,C00069,P00050,18,2026-09-09,Televendas
PED000338,C00139,P00053,25,2026-08-15,Marketplace
PED000339,C00140,P00014,14,2026-08-17,E-commerce
PED000340,C00077,P00056,2,2026-08-28,Televendas
PED000341,C00090,P00056,3,2026-08-28,Loja Fisica
PED000342,C00199,P00052,8,2026-08-20,Televendas
PED000343,C00182,P00040,21,2026-08-27,E-commerce
PED000344,C00158,P00009,7,2026-09-09,E-commerce
PED000345,C00016,P00037,0,2026-08-31,Televendas
PED000346,C00083,P00046,10,2026-08-23,Televendas
PED000347,C00132,P00058,22,2026-09-09,Loja Fisica
PED000348,C00035,P00049,14,2026-09-12,Loja Fisica
PED000349,C00071,P00056,21,2026-08-18,E-commerce
PED000350,C00064,P00010,23,2026-08-24,E-commerce
PED000351,C00195,P00054,22,2026-08-26,Marketplace
PED000352,C00037,P98405,21,2026-08-22,Marketplace
PED000353,C00020,P00041,25,2026-08-16,Marketplace
PED000354,C00132,P98996,9,2026-09-05,Televendas
PED000355,C00084,P00038,1,2026-09-10,Loja Fisica
PED000356,C00188,P00030,-9,2026-09-04,Televendas
PED000357,C00102,P00014,14,2026-09-09,E-commerce
PED000358,C00127,P00018,11,2026-09-09,Televendas
PED000359,C00087,P00036,19,2026-08-18,Marketplace
PED000360,C00088,P00058,-2,2026-09-07,Loja Fisica
PED000361,C00161,P00051,15,2026-08-14,Loja Fisica
PED000362,C00041,P00029,15,2026-08-14,Marketplace
PED000363,C00052,P00045,0,2026-09-11,Televendas
PED000364,C00071,P00006,21,2026-08-25,Televendas
PED000365,C00022,P00024,22,2026-09-11,E-commerce
PED000366,C00014,P00026,21,2026-08-23,E-commerce
PED000367,C00110,P00042,3,2026-09-05,Loja Fisica
PED000368,C00001,P00014,16,2026-08-16,E-commerce
PED000369,C00152,P00015,17,2026-09-04,Marketplace
PED000370,C00003,P00001,23,2026-08-24,Loja Fisica
PED000371,C00109,P00045,5,2026-08-29,Loja Fisica
PED000372,C00059,P00025,3,2026-09-06,Loja Fisica
PED000373,C00027,P00021,12,2026-09-11,Televendas
PED000374,C00036,P00025,25,2026-09-09,E-commerce
PED000375,C00165,P00044,5,2026-08-16,Loja Fisica
PED000376,C00157,P00042,6,2026-08-28,Televendas
PED000377,C00185,P00014,21,2026-09-06,E-commerce
PED000378,C00106,P00040,22,2026-08-28,E-commerce
PED000379,C00023,P00058,4,2026-08-18,Loja Fisica
PED000380,C00151,P00047,13,2026-08-25,Marketplace
PED000381,C00081,P00051,5,2026-08-21,Televendas
PED000382,C00166,P00006,8,2026-08-31,Televendas
PED000383,C00200,P00045,1,2026-09-10,Televendas
PED000384,C00053,P00034,20,2026-08-30,E-commerce
PED000385,C00192,P00026,10,2026-09-03,Loja Fisica
PED000386,C00062,P92163,13,2026-08-17,E-commerce
PED000387,C00136,P00057,1,2026-08-25,Televendas
PED000388,C00034,P00025,19,2026-08-27,Televendas
PED000389,C00140,P00044,6,2026-09-07,Marketplace
PED000390,C00198,P00005,1,2026-09-01,Loja Fisica
PED000391,C00004,P00017,7,2026-08-15,Loja Fisica
PED000392,C00102,P00033,10,2026-09-03,Marketplace
PED000393,C00109,P00045,13,2026-08-16,E-commerce
PED000394,C00072,P00006,10,2026-08-16,E-commerce
PED000395,C00040,P00035,11,2026-08-26,Loja Fisica
PED000396,C00080,P00045,14,2026-09-06,E-commerce
PED000397,C00015,P00016,3,2026-09-12,Marketplace
PED000398,C93877,P00030,20,2026-09-02,Loja Fisica
PED000399,C00031,P00001,23,2026-08-18,Loja Fisica
PED000400,C00042,P00032,12,2026-08-30,Televendas
PED000401,C00043,P00024,5,2026-09-06,Televendas
PED000402,C00188,P00057,4,2026-09-07,Loja Fisica
PED000403,C00086,P00052,14,2026-08-22,Loja Fisica
PED000404,C00068,P00046,19,2026-09-03,Loja Fisica
PED000405,C00128,P93734,17,2026-08-25,Loja Fisica
PED000406,C00095,P00011,9,2026-09-07,Loja Fisica
PED000407,C00147,P00044,24,2026-08-17,E-commerce
PED000408,C00190,P00033,1,2026-08-15,Loja Fisica
PED000409,C00063,P00003,16,2026-08-25,Marketplace
PED000410,C00039,P00012,2,2026-08-31,Marketplace
PED000411,C00058,P00021,8,2026-08-27,Televendas
PED000412,C00070,P00053,3,2026-09-01,Televendas
PED000413,C00031,P00033,22,2026-09-11,Loja Fisica
PED000414,C00046,P00015,17,2026-08-15,Marketplace
PED000415,C00018,P00057,15,2026-09-10,Televendas
PED000416,C00199,P00055,10,2026-08-24,Loja Fisica
PED000417,C00142,P00030,1,2026-08-25,E-commerce
PED000418,C00075,P00037,10,2026-09-06,E-commerce
PED000419,C00119,P00024,0,2026-08-29,E-commerce
PED000420,C00039,P00001,14,2026-08-14,E-commerce
PED000421,C00139,P00023,21,2026-09-09,Loja Fisica
PED000422,C00086,P00001,25,2026-09-04,Marketplace
PED000423,C00189,P00047,10,2026-08-17,E-commerce
PED000424,C00136,P00016,14,2026-08-29,Loja Fisica
PED000425,C00037,P00046,9,2026-08-16,Loja Fisica
PED000426,C00060,P00058,17,2026-08-27,Televendas
PED000427,C00118,P00048,3,2026-09-01,Loja Fisica
PED000428,C00130,P00009,21,2026-09-09,Marketplace
PED000429,C00020,P00038,19,2026-08-15,Marketplace
PED000430,C00170,P00009,8,2026-08-23,Televendas
PED000431,C00081,P00060,13,2026-09-05,Televendas
PED000432,C00082,P00029,9,2026-08-21,Loja Fisica
PED000433,C00052,P00009,0,2026-09-07,Loja Fisica
PED000434,C00028,P00011,15,2026-08-28,Televendas
PED000435,C00105,P00008,18,2026-08-25,E-commerce
PED000436,C00116,P00020,15,2026-08-22,Loja Fisica
PED000437,C00024,P00011,22,2026-08-23,Loja Fisica
PED000438,C00056,P00054,11,2026-08-18,Loja Fisica
PED000439,C00183,P00016,12,2026-08-26,Loja Fisica
PED000440,C00174,P00020,9,2026-09-09,E-commerce
PED000441,C00008,P00026,15,2026-08-31,E-commerce
PED000442,C00025,P00030,-1,2026-09-08,E-commerce
PED000443,C00016,P00054,25,2026-08-21,E-commerce
PED000444,C00051,P00053,13,2026-08-25,Loja Fisica
PED000445,C00150,P00038,9,2026-09-12,Loja Fisica
PED000446,C00006,P00005,7,2026-09-11,Marketplace
PED000447,C00033,P00006,11,2026-08-17,Loja Fisica
PED000448,C00119,P00004,6,2026-09-12,Marketplace
PED000449,C00186,P00026,16,2026-08-14,Marketplace
PED000450,C00175,P00028,6,2026-08-25,E-commerce
PED000451,C00048,P00018,9,2026-08-28,E-commerce
PED000452,C99173,P00040,20,2026-09-02,E-commerce
PED000453,C00106,P00057,18,2026-08-29,Loja Fisica
PED000454,C00023,P00018,0,2026-08-18,Marketplace
PED000455,C00165,P00057,17,2026-08-21,Loja Fisica
PED000456,C00098,P00051,23,2026-08-25,Marketplace
PED000457,C00140,P00051,16,2026-08-25,Televendas
PED000458,C00100,P00018,6,2026-08-14,Televendas
PED000459,C00153,P00015,1,2026-09-11,Televendas
PED000460,C00015,P00052,16,2026-08-30,Televendas
PED000461,C00197,P00038,8,2026-08-19,Loja Fisica
PED000462,C00064,P00043,8,2026-08-22,Loja Fisica
PED000463,C00196,P00015,19,2026-09-10,Marketplace
PED000464,C00091,P00060,6,2026-08-19,E-commerce
PED000465,C00152,P00021,24,2026-09-05,Televendas
PED000466,C00152,P00002,23,2026-09-05,Televendas
PED000467,C00146,P00037,5,2026-09-01,E-commerce
PED000468,C00127,P00035,10,2026-08-19,Marketplace
PED000469,C00010,P00006,2,2026-08-21,E-commerce
PED000470,C00006,P00034,16,2026-08-14,Televendas
PED000471,C00158,P00013,5,2026-08-24,E-commerce
PED000472,C00083,P00004,-9,2026-08-18,E-commerce
PED000473,C00094,P00005,12,2026-09-05,Marketplace
PED000474,C00151,P00007,11,2026-08-23,Televendas
PED000475,C00035,P00011,24,2026-09-13,Marketplace
PED000476,C00164,P00032,21,2026-08-24,E-commerce
PED000477,C00182,P00036,23,2026-09-11,Televendas
PED000478,C00058,P00043,19,2026-09-09,E-commerce
PED000479,C00097,P00020,24,2026-09-05,Televendas
PED000480,C00033,P00012,24,2026-08-14,Marketplace
PED000481,C00198,P00037,2,2026-08-19,Televendas
PED000482,C00157,P00015,21,2026-09-01,Loja Fisica
PED000483,C00128,P00010,11,2026-09-06,Loja Fisica
PED000484,C98317,P00023,11,2026-08-19,Loja Fisica
PED000485,C00003,P00017,7,2026-08-21,Loja Fisica
PED000486,C00090,P00017,4,2026-09-06,Loja Fisica
PED000487,C00013,P00025,15,2026-09-06,Marketplace
PED000488,C00043,P00057,14,2026-08-29,Marketplace
PED000489,C00090,P00035,13,2026-08-17,Marketplace
PED000490,C00148,P00042,25,2026-09-04,E-commerce
PED000491,C00042,P00029,3,2026-09-08,Loja Fisica
PED000492,C00076,P00002,11,2026-08-22,Loja Fisica
PED000493,C00019,P00022,6,2026-09-11,Marketplace
PED000494,C00042,P00047,3,2026-08-31,Loja Fisica
PED000495,C00087,P00039,20,2026-09-11,Marketplace
PED000496,C00181,P00002,14,2026-09-13,E-commerce
PED000497,C00156,P00057,14,2026-08-19,Loja Fisica
PED000498,C00026,P00022,7,2026-08-20,Marketplace
PED000499,C95872,P00036,24,2026-09-12,Televendas
PED000500,C00061,P00007,2,2026-08-26,Marketplace
PED000501,C00040,P00004,12,2026-08-14,Marketplace
PED000502,C00023,P00019,22,2026-09-03,Marketplace
PED000503,C00052,P00007,1,2026-08-20,E-commerce
PED000504,C00164,P00019,3,2026-08-29,Loja Fisica
PED000505,C00079,P00051,13,2026-08-29,Marketplace
PED000506,C00170,P00017,3,2026-09-03,Marketplace
PED000507,C00048,P00024,13,2026-08-25,E-commerce
PED000508,C94706,P00003,9,2026-08-28,Marketplace
PED000509,C00069,P00037,2,2026-08-18,Loja Fisica
PED000510,C00022,P00043,12,2026-09-08,Marketplace
PED000511,C00194,P00038,8,2026-08-31,Loja Fisica
PED000512,C00100,P00053,17,2026-08-27,Marketplace
PED000513,C00147,P00057,8,2026-08-29,Televendas
PED000514,C00021,P00026,23,2026-08-15,E-commerce
PED000515,C00031,P00049,15,2026-08-19,E-commerce
PED000516,C00055,P00052,7,2026-08-18,Loja Fisica
PED000517,C00109,P00006,22,2026-08-27,E-commerce
PED000518,C00161,P00010,20,2026-08-22,Televendas
PED000519,C00187,P00059,3,2026-08-16,Marketplace
PED000520,C00143,P00026,18,2026-08-24,Televendas
PED000521,C00134,P00030,1,2026-09-08,Marketplace
PED000522,C00029,P00027,5,2026-08-18,Loja Fisica
PED000523,C00028,P00037,25,2026-08-17,Televendas
PED000524,C97275,P00057,12,2026-09-11,Marketplace
PED000525,C00168,P00032,-3,2026-09-02,Marketplace
PED000526,C00071,P00026,5,2026-09-02,Marketplace
PED000527,C00010,P00026,11,2026-09-05,E-commerce
PED000528,C00013,P00048,16,2026-09-12,Televendas
PED000529,C00096,P00002,11,2026-09-09,Televendas
PED000530,C00080,P00018,16,2026-09-10,Loja Fisica
PED000531,C00059,P00009,10,2026-09-06,Marketplace
PED000532,C00199,P00053,11,2026-08-22,Marketplace
PED000533,C00155,P00042,3,2026-08-20,Marketplace
PED000534,C00055,P00059,14,2026-09-06,Marketplace
PED000535,C00195,P00034,12,2026-09-09,Loja Fisica
PED000536,C00132,P00051,6,2026-08-16,Televendas
PED000537,C00182,P00033,13,2026-08-18,Loja Fisica
PED000538,C00045,P00013,7,2026-09-09,Loja Fisica
PED000539,C00064,P00003,15,2026-08-15,Televendas
PED000540,C00181,P00013,9,2026-08-25,Marketplace
PED000541,C00130,P00026,21,2026-09-12,Loja Fisica
PED000542,C00175,P00002,8,2026-08-25,Marketplace
PED000543,C00153,P00029,6,2026-09-13,Marketplace
PED000544,C00151,P00036,12,2026-08-25,E-commerce
PED000545,C00067,P00048,23,2026-08-16,Televendas
PED000546,C00008,P00025,2,2026-08-19,E-commerce
PED000547,C00057,P00042,8,2026-09-04,E-commerce
PED000548,C00069,P00042,14,2026-08-30,Loja Fisica
PED000549,C00200,P00050,22,2026-08-14,Marketplace
PED000550,C00034,P00042,6,2026-09-02,Loja Fisica
PED000551,C00058,P00017,20,2026-09-08,Televendas
PED000552,C00183,P00046,21,2026-08-22,Marketplace
PED000553,C00097,P00055,12,2026-08-28,Televendas
PED000554,C00056,P00030,10,2026-09-04,Marketplace
PED000555,C00150,P00007,1,2026-08-30,Televendas
PED000556,C00144,P00042,20,2026-09-02,Televendas
PED000557,C00077,P00044,4,2026-08-29,Loja Fisica
PED000558,C95895,P00018,21,2026-08-24,Televendas
PED000559,C00049,P00010,17,2026-09-07,E-commerce
PED000560,C00015,P00052,0,2026-08-26,Televendas
PED000561,C00185,P00002,21,2026-08-29,Televendas
PED000562,C00067,P00059,14,2026-08-26,Marketplace
PED000563,C94643,P00003,19,2026-09-05,E-commerce
PED000564,C00176,P00035,21,2026-09-08,Marketplace
PED000565,C00172,P00023,17,2026-08-23,E-commerce
PED000566,C00169,P00057,18,2026-08-19,Televendas
PED000567,C00025,P00031,5,2026-09-06,Televendas
PED000568,C00186,P00052,18,2026-09-07,E-commerce
PED000569,C00175,P00058,11,2026-09-03,Loja Fisica
PED000570,C00057,P00023,8,2026-09-06,Televendas
PED000571,C00108,P00051,11,2026-08-25,Televendas
PED000572,C00150,P00019,15,2026-09-10,Loja Fisica
PED000573,C00121,P00004,21,2026-09-01,Loja Fisica
PED000574,C00121,P00057,7,2026-08-30,Loja Fisica
PED000575,C00175,P00025,17,2026-08-23,Marketplace
PED000576,C00014,P00056,5,2026-08-18,E-commerce
PED000577,C00088,P00027,19,2026-09-11,Marketplace
PED000578,C00037,P00021,23,2026-08-19,Loja Fisica
PED000579,C00125,P00022,21,2026-08-19,Televendas
PED000580,C00163,P00004,0,2026-08-28,Televendas
PED000581,C00195,P92442,6,2026-09-01,E-commerce
PED000582,C00034,P00040,14,2026-09-03,Marketplace
PED000583,C00104,P00028,16,2026-08-26,Loja Fisica
PED000584,C00010,P00035,7,2026-09-06,Televendas
PED000585,C00004,P00058,11,2026-09-07,E-commerce
PED000586,C00005,P00044,1,2026-09-03,E-commerce
PED000587,C00058,P00045,12,2026-08-23,E-commerce
PED000588,C00027,P00025,0,2026-09-01,Televendas
PED000589,C00017,P00053,2,2026-08-23,Televendas
PED000590,C00117,P00047,17,2026-09-02,Televendas
PED000591,C00112,P00057,22,2026-08-18,Televendas
PED000592,C00126,P00023,25,2026-08-20,E-commerce
PED000593,C00104,P00002,0,2026-08-21,E-commerce
PED000594,C00188,P00002,19,2026-08-30,E-commerce
PED000595,C00032,P00024,23,2026-09-03,Loja Fisica
PED000596,C00097,P00057,21,2026-08-22,Loja Fisica
PED000597,C00153,P00004,22,2026-08-17,Loja Fisica
PED000598,C00013,P00045,4,2026-08-27,Marketplace
PED000599,C00098,P00008,18,2026-08-22,Marketplace
PED000600,C00180,P00010,7,2026-09-05,Loja Fisica
PED000601,C00078,P00027,22,2026-08-17,Televendas
PED000602,C00160,P00039,23,2026-08-18,Marketplace
PED000603,C00027,P00033,24,2026-09-02,Loja Fisica
PED000604,C00073,P00008,4,2026-08-29,E-commerce
PED000605,C00156,P00013,25,2026-08-22,E-commerce
PED000606,C00092,P00046,14,2026-08-23,E-commerce
PED000607,C00011,P00036,16,2026-09-12,E-commerce
PED000608,C00177,P00060,16,2026-08-24,E-commerce
PED000609,C00001,P00001,22,2026-08-16,Loja Fisica
PED000610,C00147,P00043,16,2026-08-18,Loja Fisica
PED000611,C00200,P00033,3,2026-09-06,Loja Fisica
PED000612,C00066,P00042,8,2026-08-28,Televendas
PED000613,C00068,P00030,2,2026-08-17,E-commerce
PED000614,C00011,P00055,10,2026-08-25,Televendas
PED000615,C00110,P00048,4,2026-08-17,Loja Fisica
PED000616,C00003,P00055,5,2026-09-04,E-commerce
PED000617,C00085,P00023,15,2026-09-13,Televendas
PED000618,C00188,P00006,0,2026-09-09,Televendas
PED000619,C00030,P00026,13,2026-09-13,Marketplace
PED000620,C00070,P00054,13,2026-09-05,Marketplace
PED000621,C00108,P00042,-3,2026-08-17,E-commerce
PED000622,C00027,P00027,19,2026-08-29,Marketplace
PED000623,C00047,P00040,13,2026-09-07,Televendas
PED000624,C00157,P00002,22,2026-09-11,E-commerce
PED000625,C00124,P00059,16,2026-08-17,Marketplace
PED000626,C00113,P00003,3,2026-08-22,Televendas
PED000627,C00004,P00046,22,2026-08-30,E-commerce
PED000628,C00172,P00056,11,2026-08-30,Loja Fisica
PED000629,C00111,P00043,24,2026-08-21,Marketplace
PED000630,C00089,P00043,22,2026-09-03,Marketplace
PED000631,C00039,P00054,18,2026-09-11,Loja Fisica
PED000632,C00003,P93709,6,2026-08-30,Marketplace
PED000633,C00020,P00049,16,2026-08-24,E-commerce
PED000634,C00085,P00018,2,2026-08-30,E-commerce
PED000635,C00141,P00042,13,2026-08-26,E-commerce
PED000636,C00021,P00030,-8,2026-09-08,Marketplace
PED000637,C00115,P00021,4,2026-08-29,Loja Fisica
PED000638,C00027,P00026,14,2026-08-15,Loja Fisica
PED000639,C00024,P00051,20,2026-09-13,Televendas
PED000640,C00131,P00036,7,2026-09-03,Marketplace
PED000641,C00088,P00024,2,2026-09-09,E-commerce
PED000642,C98414,P00022,18,2026-09-07,Marketplace
PED000643,C00030,P00007,25,2026-09-04,E-commerce
PED000644,C00001,P00022,12,2026-09-09,Televendas
PED000645,C00141,P00034,12,2026-09-05,Loja Fisica
PED000646,C00012,P00058,6,2026-08-29,E-commerce
PED000647,C00184,P00048,24,2026-08-27,Loja Fisica
PED000648,C00066,P94532,7,2026-08-20,Loja Fisica
PED000649,C00118,P00053,7,2026-09-05,Televendas
PED000650,C00028,P00049,14,2026-08-15,Loja Fisica
PED000651,C00198,P00058,15,2026-08-28,E-commerce
PED000652,C00128,P00001,17,2026-09-06,Loja Fisica
PED000653,C00142,P00060,14,2026-09-09,Marketplace
PED000654,C00131,P00050,6,2026-09-05,E-commerce
PED000655,C00188,P00053,5,2026-08-17,Marketplace
PED000656,C00169,P00039,20,2026-09-11,Televendas
PED000657,C00130,P00057,13,2026-08-27,E-commerce
PED000658,C00071,P00026,11,2026-08-23,Marketplace
PED000659,C94560,P00009,14,2026-09-02,Televendas
PED000660,C00052,P00014,20,2026-09-05,Televendas
PED000661,C00176,P00023,22,2026-08-18,E-commerce
PED000662,C00129,P00035,-6,2026-09-03,Televendas
PED000663,C00144,P00031,19,2026-09-01,Marketplace
PED000664,C00173,P00048,18,2026-08-23,Marketplace
PED000665,C00004,P00034,4,2026-08-14,Marketplace
PED000666,C93636,P00004,22,2026-08-15,E-commerce
PED000667,C00074,P00044,9,2026-08-18,Loja Fisica
PED000668,C00177,P00051,10,2026-08-20,Loja Fisica
PED000669,C00092,P00053,15,2026-08-17,E-commerce
PED000670,C00191,P00042,18,2026-08-26,E-commerce
PED000671,C00131,P00051,23,2026-08-23,Loja Fisica
PED000672,C00098,P00025,-1,2026-09-13,Televendas
PED000673,C00191,P00017,7,2026-09-02,Marketplace
PED000674,C00058,P00059,21,2026-09-05,Televendas
PED000675,C00194,P00038,18,2026-09-06,E-commerce
PED000676,C00199,P00047,7,2026-08-23,Marketplace
PED000677,C00046,P00044,3,2026-08-19,E-commerce
PED000678,C00189,P00033,4,2026-08-26,Loja Fisica
PED000679,C00110,P00018,18,2026-08-22,E-commerce
PED000680,C00042,P00038,9,2026-08-14,Televendas
PED000681,C00120,P00046,5,2026-08-15,E-commerce
PED000682,C00083,P00039,2,2026-09-07,Televendas
PED000683,C00126,P00051,-6,2026-08-31,Televendas
PED000684,C00135,P00015,6,2026-08-30,Loja Fisica
PED000685,C00130,P00011,14,2026-08-31,Marketplace
PED000686,C00024,P00023,8,2026-09-11,E-commerce
PED000687,C00170,P00022,11,2026-08-25,Televendas
PED000688,C00056,P00049,20,2026-08-30,Marketplace
PED000689,C00144,P00053,25,2026-09-03,Loja Fisica
PED000690,C00030,P00043,12,2026-08-28,E-commerce
PED000691,C00165,P00040,20,2026-08-21,Loja Fisica
PED000692,C00175,P00057,11,2026-08-26,Loja Fisica
PED000693,C00099,P00017,-9,2026-09-06,Televendas
PED000694,C00198,P00024,17,2026-09-08,Marketplace
PED000695,C00125,P00003,10,2026-09-11,E-commerce
PED000696,C00083,P00033,0,2026-09-13,Loja Fisica
PED000697,C00198,P00035,18,2026-08-14,Loja Fisica
PED000698,C00054,P00043,21,2026-09-07,E-commerce
PED000699,C00176,P00028,4,2026-08-20,Marketplace
PED000700,C00166,P00053,3,2026-09-06,E-commerce
PED000701,C00007,P00030,23,2026-08-24,Loja Fisica
PED000702,C00023,P00005,2,2026-08-19,Televendas
PED000703,C00143,P00005,19,2026-09-09,E-commerce
PED000704,C00067,P96183,13,2026-08-28,Marketplace
PED000705,C00005,P00025,22,2026-08-17,Loja Fisica
PED000706,C00165,P00047,20,2026-08-16,Loja Fisica
PED000707,C95937,P00055,3,2026-08-25,Loja Fisica
PED000708,C00156,P00006,10,2026-09-07,Marketplace
PED000709,C00098,P00026,22,2026-08-14,Marketplace
PED000710,C00041,P00035,8,2026-08-18,Marketplace
PED000711,C00140,P00019,21,2026-08-18,Televendas
PED000712,C00174,P00057,24,2026-09-03,Televendas
PED000713,C00003,P00036,18,2026-08-18,Loja Fisica
PED000714,C00011,P00001,19,2026-09-02,Marketplace
PED000715,C00138,P00036,3,2026-08-23,E-commerce
PED000716,C00192,P99397,24,2026-08-25,E-commerce
PED000717,C00037,P00011,6,2026-08-21,Televendas
PED000718,C00050,P00008,6,2026-09-04,Loja Fisica
PED000719,C00193,P00060,18,2026-08-28,Loja Fisica
PED000720,C00075,P00043,0,2026-08-22,Loja Fisica
PED000721,C93100,P00038,16,2026-09-13,Televendas
PED000722,C00172,P00042,8,2026-08-17,Televendas
PED000723,C00159,P00005,7,2026-08-24,Marketplace
PED000724,C00116,P00022,20,2026-09-04,Televendas
PED000725,C00178,P00038,5,2026-09-01,Televendas
PED000726,C00081,P00028,0,2026-08-14,Televendas
PED000727,C00057,P00046,24,2026-09-03,Marketplace
PED000728,C00071,P00054,12,2026-08-18,Televendas
PED000729,C00123,P00030,15,2026-08-25,Televendas
PED000730,C00125,P00036,4,2026-08-19,Loja Fisica
PED000731,C00072,P00055,5,2026-09-11,E-commerce
PED000732,C00068,P00047,21,2026-08-16,Loja Fisica
PED000733,C00005,P00055,17,2026-09-03,Loja Fisica
PED000734,C00149,P00038,13,2026-09-07,E-commerce
PED000735,C00010,P00036,9,2026-08-31,Marketplace
PED000736,C00168,P00050,5,2026-08-25,Marketplace
PED000737,C00058,P00058,25,2026-09-01,Televendas
PED000738,C00035,P00030,17,2026-08-30,Loja Fisica
PED000739,C00102,P00024,17,2026-08-14,E-commerce
PED000740,C00158,P00044,6,2026-09-07,E-commerce
PED000741,C00115,P00011,6,2026-09-01,E-commerce
PED000742,C00189,P00047,-4,2026-09-13,Televendas
PED000743,C00195,P00032,8,2026-08-16,Televendas
PED000744,C00095,P00015,2,2026-09-04,E-commerce
PED000745,C00133,P00059,12,2026-08-26,Marketplace
PED000746,C00117,P00057,-9,2026-08-15,Televendas
PED000747,C00163,P00054,9,2026-09-09,Televendas
PED000748,C00149,P00035,19,2026-08-19,Marketplace
PED000749,C00168,P00025,12,2026-09-01,Loja Fisica
PED000750,C00133,P00017,13,2026-09-12,E-commerce
PED000751,C00133,P00026,12,2026-09-09,Televendas
PED000752,C00125,P00051,16,2026-09-11,Loja Fisica
PED000753,C00129,P00057,5,2026-08-28,E-commerce
PED000754,C00059,P00005,17,2026-09-03,Televendas
PED000755,C00055,P00010,6,2026-08-19,Televendas
PED000756,C00155,P96410,4,2026-09-04,E-commerce
PED000757,C00185,P00008,16,2026-09-04,Marketplace
PED000758,C00123,P00014,19,2026-08-19,Marketplace
PED000759,C00006,P00016,2,2026-08-18,E-commerce
PED000760,C00035,P00041,17,2026-08-15,E-commerce
PED000761,C00015,P00011,9,2026-09-12,E-commerce
PED000762,C00133,P00026,20,2026-09-01,Loja Fisica
PED000763,C00185,P00047,22,2026-09-09,Televendas
PED000764,C00022,P93794,15,2026-09-02,Marketplace
PED000765,C00057,P00054,14,2026-09-02,E-commerce
PED000766,C00150,P00053,25,2026-08-19,Televendas
PED000767,C00043,P00047,22,2026-08-24,Marketplace
PED000768,C00153,P00038,3,2026-08-21,Marketplace
PED000769,C00099,P00009,4,2026-08-14,E-commerce
PED000770,C00134,P00056,17,2026-09-04,Marketplace
PED000771,C00039,P00039,4,2026-08-19,Marketplace
PED000772,C00158,P00039,2,2026-09-11,Loja Fisica
PED000773,C00024,P00031,22,2026-08-18,Loja Fisica
PED000774,C00199,P00044,21,2026-08-27,Marketplace
PED000775,C00095,P00056,2,2026-09-05,Marketplace
PED000776,C00059,P00052,16,2026-09-08,Marketplace
PED000777,C00090,P00038,24,2026-09-12,Loja Fisica
PED000778,C00109,P00009,9,2026-08-29,E-commerce
PED000779,C94096,P00019,20,2026-09-11,Marketplace
PED000780,C00002,P00046,24,2026-09-08,Loja Fisica
PED000781,C00148,P00034,4,2026-08-30,Loja Fisica
PED000782,C00097,P00042,7,2026-09-05,Televendas
PED000783,C00105,P00024,4,2026-08-18,Marketplace
PED000784,C00167,P00038,9,2026-08-22,Marketplace
PED000785,C00145,P00024,20,2026-08-22,Marketplace
PED000786,C00194,P00014,14,2026-08-31,Marketplace
PED000787,C00046,P00024,18,2026-08-31,Marketplace
PED000788,C00065,P00020,0,2026-08-25,Marketplace
PED000789,C00169,P00008,24,2026-08-21,Marketplace
PED000790,C00180,P00011,4,2026-08-20,Marketplace
PED000791,C00087,P00052,18,2026-09-02,Loja Fisica
PED000792,C00042,P00025,21,2026-08-14,Loja Fisica
PED000793,C00038,P00031,20,2026-08-27,Loja Fisica
PED000794,C00017,P00017,-7,2026-08-25,Loja Fisica
PED000795,C00103,P00040,21,2026-08-30,Televendas
PED000796,C00183,P00039,2,2026-09-13,E-commerce
PED000797,C00164,P00032,15,2026-08-14,E-commerce
PED000798,C00169,P00060,17,2026-08-23,E-commerce
PED000799,C00009,P00051,20,2026-08-30,E-commerce
PED000800,C00158,P00011,22,2026-08-15,Televendas
PED000801,C00062,P00042,1,2026-08-19,Loja Fisica
PED000802,C00071,P00050,13,2026-08-25,Marketplace
PED000803,C00104,P00038,7,2026-08-30,Loja Fisica
PED000804,C00189,P00046,3,2026-09-12,Loja Fisica
PED000805,C00141,P00019,24,2026-09-09,Televendas
PED000806,C00089,P00053,9,2026-08-21,E-commerce
PED000807,C00117,P00060,13,2026-09-01,Loja Fisica
PED000808,C00067,P00012,14,2026-08-30,Loja Fisica
PED000809,C00144,P00005,17,2026-08-23,Televendas
PED000810,C98254,P00052,17,2026-09-13,Televendas
PED000811,C98517,P00037,16,2026-09-07,E-commerce
PED000812,C00175,P00030,19,2026-09-10,Loja Fisica
PED000813,C00124,P00008,9,2026-08-16,Marketplace
PED000814,C97757,P00051,8,2026-09-04,E-commerce
PED000815,C00091,P00034,18,2026-08-14,Televendas
PED000816,C00064,P00019,3,2026-08-26,Televendas
PED000817,C00020,P00036,6,2026-08-29,Televendas
PED000818,C00091,P00014,19,2026-08-22,E-commerce
PED000819,C00192,P00044,7,2026-08-29,E-commerce
PED000820,C00061,P00048,8,2026-09-10,Televendas
PED000821,C93555,P00015,7,2026-09-09,E-commerce
PED000822,C00200,P00007,4,2026-09-12,Loja Fisica
PED000823,C00174,P00043,16,2026-09-02,Loja Fisica
PED000824,C00196,P00055,18,2026-09-13,Loja Fisica
PED000825,C00124,P00024,20,2026-08-24,Marketplace
PED000826,C00148,P00056,9,2026-08-29,E-commerce
PED000827,C00196,P00059,17,2026-08-22,Marketplace
PED000828,C00057,P00049,19,2026-08-18,Loja Fisica
PED000829,C97450,P00052,14,2026-08-29,Loja Fisica
PED000830,C00176,P96171,6,2026-08-28,Loja Fisica
PED000831,C00177,P00001,1,2026-09-04,E-commerce
PED000832,C00098,P00038,4,2026-08-24,Televendas
PED000833,C00157,P00056,9,2026-08-19,Televendas
PED000834,C00061,P00018,16,2026-09-13,Televendas
PED000835,C00094,P00012,16,2026-08-27,E-commerce
PED000836,C00108,P00045,25,2026-08-25,Televendas
PED000837,C00103,P00018,15,2026-08-19,E-commerce
PED000838,C94863,P00044,8,2026-09-09,Loja Fisica
PED000839,C00143,P00028,13,2026-08-20,E-commerce
PED000840,C00190,P00010,16,2026-09-08,Loja Fisica
PED000841,C00046,P00027,16,2026-08-18,Televendas
PED000842,C00125,P00020,9,2026-08-31,Loja Fisica
PED000843,C00102,P00007,23,2026-08-19,Loja Fisica
PED000844,C00056,P00053,9,2026-08-29,Loja Fisica
PED000845,C00116,P00048,11,2026-08-22,Televendas
PED000846,C00093,P00036,18,2026-09-12,Televendas
PED000847,C00089,P00002,14,2026-08-17,Televendas
PED000848,C00174,P00039,7,2026-09-01,E-commerce
PED000849,C00200,P92284,12,2026-08-24,Marketplace
PED000850,C00098,P00040,10,2026-08-28,E-commerce
PED000851,C00043,P00041,11,2026-08-27,Marketplace
PED000852,C00019,P00006,6,2026-08-24,E-commerce
PED000853,C00081,P00021,21,2026-08-23,Televendas
PED000854,C00155,P00042,13,2026-08-22,Marketplace
PED000855,C00200,P00056,12,2026-09-06,Marketplace
PED000856,C00106,P00011,0,2026-09-10,Loja Fisica
PED000857,C00187,P00016,22,2026-08-22,Loja Fisica
PED000858,C00054,P00011,13,2026-08-17,Loja Fisica
PED000859,C00017,P00060,16,2026-08-31,Loja Fisica
PED000860,C00007,P00050,13,2026-08-30,Loja Fisica
PED000861,C00027,P00017,20,2026-08-18,Loja Fisica
PED000862,C00168,P00060,13,2026-08-23,E-commerce
PED000863,C00064,P00048,10,2026-08-28,E-commerce
PED000864,C00034,P00034,6,2026-08-14,Loja Fisica
PED000865,C00170,P00023,11,2026-09-10,Marketplace
PED000866,C00120,P00056,18,2026-09-12,Televendas
PED000867,C00141,P00029,5,2026-09-13,E-commerce
PED000868,C00152,P00039,15,2026-09-03,Marketplace
PED000869,C98891,P00041,21,2026-08-31,Televendas
PED000870,C00139,P00015,3,2026-08-28,Televendas
PED000871,C00094,P00027,9,2026-08-18,Televendas
PED000872,C00003,P00001,17,2026-09-09,E-commerce
PED000873,C00089,P00019,16,2026-08-31,Loja Fisica
PED000874,C00177,P00060,16,2026-09-13,Marketplace
PED000875,C00077,P00001,25,2026-08-27,Televendas
PED000876,C00153,P00015,1,2026-08-31,Televendas
PED000877,C00049,P00027,18,2026-08-27,Marketplace
PED000878,C00064,P00011,23,2026-09-06,Marketplace
PED000879,C00097,P00015,9,2026-08-16,Marketplace
PED000880,C99715,P00016,17,2026-09-07,Televendas
PED000881,C00069,P00027,0,2026-09-10,Loja Fisica
PED000882,C00035,P95458,4,2026-09-03,Marketplace
PED000883,C00180,P00040,16,2026-08-20,Televendas
PED000884,C00005,P00010,2,2026-08-31,Loja Fisica
PED000885,C00048,P00007,10,2026-08-22,E-commerce
PED000886,C00184,P00029,24,2026-08-14,E-commerce
PED000887,C00024,P00010,1,2026-08-29,E-commerce
PED000888,C00088,P00027,10,2026-09-08,Marketplace
PED000889,C00096,P00030,23,2026-09-08,Loja Fisica
PED000890,C00085,P00006,25,2026-09-13,E-commerce
PED000891,C00015,P00018,25,2026-08-26,Loja Fisica
PED000892,C00140,P00031,6,2026-08-20,Televendas
PED000893,C00098,P98257,1,2026-08-17,E-commerce
PED000894,C00064,P00048,-9,2026-08-20,Marketplace
PED000895,C93598,P00014,16,2026-08-26,Televendas
PED000896,C00162,P00047,2,2026-09-06,Loja Fisica
PED000897,C91853,P00031,21,2026-08-23,E-commerce
PED000898,C00171,P00014,4,2026-08-21,Marketplace
PED000899,C00084,P00001,6,2026-09-08,Televendas
PED000900,C00150,P00008,-1,2026-09-08,E-commerce
PED000901,C92466,P00051,23,2026-08-29,E-commerce
PED000902,C00064,P00011,16,2026-08-16,Televendas
PED000903,C00195,P00041,2,2026-08-15,Televendas
PED000904,C00166,P00010,23,2026-08-31,Loja Fisica
PED000905,C00033,P00032,8,2026-08-24,Televendas
PED000906,C93207,P00047,7,2026-08-14,Marketplace
PED000907,C00065,P00058,2,2026-08-29,Marketplace
PED000908,C00144,P00019,0,2026-09-05,Marketplace
PED000909,C00146,P00012,18,2026-08-25,Televendas
PED000910,C00188,P00030,9,2026-09-10,E-commerce
PED000911,C00018,P00034,5,2026-08-28,Televendas
PED000912,C00068,P00035,12,2026-08-28,Loja Fisica
PED000913,C00199,P00041,17,2026-08-26,E-commerce
PED000914,C00005,P00040,12,2026-09-07,E-commerce
PED000915,C00083,P00047,3,2026-09-04,Marketplace
PED000916,C00049,P00034,22,2026-08-29,E-commerce
PED000917,C00157,P00019,11,2026-08-27,Televendas
PED000918,C00029,P00007,17,2026-09-04,Loja Fisica
PED000919,C00012,P00054,5,2026-08-19,Loja Fisica
PED000920,C00052,P00007,-10,2026-08-20,Loja Fisica
PED000921,C00165,P00054,13,2026-09-04,Marketplace
PED000922,C00135,P00040,-6,2026-09-01,Televendas
PED000923,C00057,P00039,0,2026-08-16,Loja Fisica
PED000924,C00168,P00032,3,2026-08-28,Loja Fisica
PED000925,C00093,P00036,24,2026-09-13,Marketplace
PED000926,C00095,P00051,-2,2026-08-15,Televendas
PED000927,C00078,P00005,7,2026-09-13,Loja Fisica
PED000928,C00026,P00047,8,2026-08-31,Marketplace
PED000929,C00049,P00013,17,2026-09-04,E-commerce
PED000930,C00146,P00041,6,2026-08-31,Marketplace
PED000931,C00192,P00007,25,2026-09-03,Televendas
PED000932,C00173,P00030,23,2026-09-04,Marketplace
PED000933,C00027,P00011,6,2026-08-31,Marketplace
PED000934,C00130,P00022,22,2026-08-19,Marketplace
PED000935,C00091,P00058,11,2026-08-31,Televendas
PED000936,C00096,P00027,25,2026-09-03,Marketplace
PED000937,C00186,P00021,20,2026-08-21,E-commerce
PED000938,C00097,P00050,18,2026-09-12,Televendas
PED000939,C00093,P00029,15,2026-09-13,Marketplace
PED000940,C00001,P00047,2,2026-08-23,Loja Fisica
PED000941,C00133,P00009,10,2026-08-14,Televendas
PED000942,C00057,P00014,0,2026-08-14,Televendas
PED000943,C00025,P00003,0,2026-08-25,E-commerce
PED000944,C00068,P00024,19,2026-08-21,E-commerce
PED000945,C00066,P00052,10,2026-08-16,Marketplace
PED000946,C98905,P00059,7,2026-09-06,Loja Fisica
PED000947,C00045,P00032,23,2026-09-05,Loja Fisica
PED000948,C00153,P00042,-1,2026-08-15,Marketplace
PED000949,C00198,P00022,12,2026-09-11,Marketplace
PED000950,C00107,P00060,4,2026-09-10,E-commerce
PED000951,C00192,P91886,20,2026-09-12,Loja Fisica
PED000952,C00079,P00034,2,2026-08-24,E-commerce
PED000953,C00084,P00033,23,2026-08-21,E-commerce
PED000954,C00013,P00044,24,2026-08-26,Marketplace
PED000955,C00193,P00039,19,2026-08-30,Loja Fisica
PED000956,C00057,P00028,10,2026-09-08,Marketplace
PED000957,C00038,P00009,11,2026-08-16,Marketplace
PED000958,C00147,P00048,2,2026-08-31,Marketplace
PED000959,C00068,P00006,13,2026-08-30,Marketplace
PED000960,C00199,P00045,5,2026-09-07,E-commerce
PED000961,C00124,P00036,0,2026-08-29,Marketplace
PED000962,C00144,P00040,24,2026-08-30,E-commerce
PED000963,C00063,P00005,9,2026-09-07,Marketplace
PED000964,C00083,P00044,19,2026-08-16,Loja Fisica
PED000965,C00172,P00027,14,2026-08-25,Televendas
PED000966,C00049,P00021,12,2026-09-02,Loja Fisica
PED000967,C00198,P00020,6,2026-08-25,Marketplace
PED000968,C00160,P00010,15,2026-08-15,E-commerce
PED000969,C00052,P00044,12,2026-08-18,Loja Fisica
PED000970,C00029,P00048,2,2026-08-21,E-commerce
PED000971,C00074,P00001,11,2026-09-05,Loja Fisica
PED000972,C00079,P00029,16,2026-08-14,Televendas
PED000973,C00054,P00048,18,2026-08-20,E-commerce
PED000974,C00140,P00034,25,2026-08-22,Marketplace
PED000975,C00160,P99631,5,2026-09-05,Loja Fisica
PED000976,C00012,P00017,6,2026-08-15,Televendas
PED000977,C00052,P00051,23,2026-09-02,Televendas
PED000978,C00014,P00030,21,2026-09-13,Loja Fisica
PED000979,C00018,P00025,22,2026-08-22,Televendas
PED000980,C00028,P00002,10,2026-09-10,Marketplace
PED000981,C00060,P00025,17,2026-09-05,Loja Fisica
PED000982,C00081,P00032,20,2026-08-31,Loja Fisica
PED000983,C00048,P00013,17,2026-09-13,Marketplace
PED000984,C00144,P00060,23,2026-08-14,Loja Fisica
PED000985,C00064,P00060,17,2026-08-23,Televendas
PED000986,C00126,P00026,24,2026-08-19,Loja Fisica
PED000987,C00089,P00044,12,2026-08-25,Televendas
PED000988,C00061,P00033,9,2026-09-08,Loja Fisica
PED000989,C00161,P00017,13,2026-09-11,Loja Fisica
PED000990,C00143,P00018,8,2026-08-18,Televendas
PED000991,C00101,P00043,5,2026-08-16,Marketplace
PED000992,C00134,P00044,20,2026-09-10,E-commerce
PED000993,C00107,P00016,19,2026-08-18,Marketplace
PED000994,C00080,P00059,20,2026-08-24,Marketplace
PED000995,C00139,P00009,0,2026-09-03,E-commerce
PED000996,C00036,P00020,23,2026-09-05,E-commerce
PED000997,C92111,P00059,25,2026-08-18,E-commerce
PED000998,C00143,P00035,24,2026-08-17,E-commerce
PED000999,C00082,P00054,5,2026-09-06,Loja Fisica
PED001000,C00196,P00021,14,2026-09-13,Marketplace
PED001001,C00078,P00029,24,2026-09-12,Televendas
PED001002,C00039,P00050,7,2026-08-17,E-commerce
PED001003,C00048,P00002,25,2026-09-02,Televendas
PED001004,C00156,P00037,20,2026-08-21,E-commerce
PED001005,C00060,P00044,1,2026-08-25,Loja Fisica
PED001006,C00177,P00050,16,2026-08-18,Marketplace
PED001007,C00183,P00042,12,2026-08-19,Marketplace
PED001008,C00126,P00031,5,2026-08-19,E-commerce
PED001009,C00058,P00003,14,2026-09-07,Loja Fisica
PED001010,C00070,P00027,8,2026-09-06,E-commerce
PED001011,C00194,P00014,3,2026-08-19,Marketplace
PED001012,C00158,P00032,0,2026-08-24,Marketplace
PED001013,C00110,P00026,25,2026-08-15,Marketplace
PED001014,C00185,P00021,13,2026-09-02,Loja Fisica
PED001015,C00134,P00007,15,2026-08-28,Loja Fisica
PED001016,C00063,P00034,18,2026-08-26,Loja Fisica
PED001017,C00143,P00025,17,2026-09-07,Loja Fisica
PED001018,C00049,P00019,15,2026-08-26,Televendas
PED001019,C00199,P95823,10,2026-08-28,E-commerce
PED001020,C00157,P00059,2,2026-09-05,E-commerce
PED001021,C00119,P00054,21,2026-08-28,Loja Fisica
PED001022,C00185,P00033,4,2026-08-19,E-commerce
PED001023,C00101,P00027,11,2026-08-28,Loja Fisica
PED001024,C00046,P00030,19,2026-09-11,E-commerce
PED001025,C00117,P00006,-2,2026-08-24,E-commerce
PED001026,C00030,P00046,15,2026-09-03,Televendas
PED001027,C00022,P97235,23,2026-08-26,E-commerce
PED001028,C00012,P00050,6,2026-09-12,Televendas
PED001029,C00145,P00056,22,2026-09-10,E-commerce
PED001030,C00042,P00056,5,2026-08-19,Loja Fisica
PED001031,C00108,P00020,10,2026-09-06,Marketplace
PED001032,C00074,P00041,6,2026-08-17,E-commerce
PED001033,C00052,P00001,20,2026-09-07,Televendas
PED001034,C00004,P00030,-10,2026-09-10,Marketplace
PED001035,C00127,P00016,7,2026-09-01,Marketplace
PED001036,C00117,P00027,15,2026-08-16,Loja Fisica
PED001037,C00063,P00057,18,2026-08-22,E-commerce
PED001038,C00013,P00012,5,2026-08-15,Televendas
PED001039,C92436,P00010,2,2026-09-04,Televendas
PED001040,C93906,P00007,14,2026-08-19,E-commerce
PED001041,C00117,P00048,19,2026-08-25,Loja Fisica
PED001042,C00024,P00050,10,2026-08-24,Televendas
PED001043,C00098,P00053,3,2026-09-07,Marketplace
PED001044,C00141,P00005,10,2026-08-29,E-commerce
PED001045,C00032,P00045,0,2026-08-24,Marketplace
PED001046,C00179,P00014,-8,2026-08-15,Loja Fisica
PED001047,C00186,P00045,20,2026-09-12,Televendas
PED001048,C00110,P00039,11,2026-08-22,Televendas
PED001049,C00034,P00040,19,2026-08-29,Marketplace
PED001050,C94171,P00052,6,2026-09-11,E-commerce
PED001051,C00001,P00008,1,2026-08-28,Loja Fisica
PED001052,C00189,P00055,7,2026-09-08,Marketplace
PED001053,C00106,P00003,11,2026-08-25,E-commerce
PED001054,C00003,P00041,7,2026-09-05,Televendas
PED001055,C00066,P00051,3,2026-08-23,Televendas
PED001056,C00130,P00036,11,2026-09-07,Loja Fisica
PED001057,C00030,P00044,11,2026-08-24,Marketplace
PED001058,C00186,P00037,20,2026-09-13,Loja Fisica
PED001059,C00045,P00013,11,2026-09-09,Televendas
PED001060,C00173,P00031,16,2026-09-08,Loja Fisica
PED001061,C00166,P00009,16,2026-08-18,Marketplace
PED001062,C00138,P00058,11,2026-08-28,Marketplace
PED001063,C00191,P00004,17,2026-08-23,Televendas
PED001064,C00143,P00035,1,2026-08-20,Televendas
PED001065,C00091,P00005,5,2026-08-22,Loja Fisica
PED001066,C00087,P00025,21,2026-08-31,E-commerce
PED001067,C00147,P00039,13,2026-08-19,Loja Fisica
PED001068,C00193,P00020,23,2026-09-10,Televendas
PED001069,C00182,P00003,9,2026-08-27,Loja Fisica
PED001070,C00128,P00057,8,2026-08-25,Marketplace
PED001071,C00078,P00014,-6,2026-08-23,E-commerce
PED001072,C00010,P00050,7,2026-09-12,Loja Fisica
PED001073,C00114,P00033,1,2026-09-08,Marketplace
PED001074,C96363,P00010,7,2026-08-24,Marketplace
PED001075,C00037,P00050,4,2026-09-09,E-commerce
PED001076,C00053,P00047,2,2026-08-28,Marketplace
PED001077,C00183,P00056,17,2026-08-17,Loja Fisica
PED001078,C00080,P00060,2,2026-09-04,Loja Fisica
PED001079,C00086,P00030,2,2026-08-17,Televendas
PED001080,C94285,P00037,25,2026-08-23,E-commerce
PED001081,C00050,P00019,9,2026-08-31,Televendas
PED001082,C00198,P00029,22,2026-08-17,Televendas
PED001083,C00039,P00011,9,2026-08-17,Loja Fisica
PED001084,C00160,P00036,17,2026-08-17,E-commerce
PED001085,C00139,P00023,18,2026-08-24,Televendas
PED001086,C00037,P00046,10,2026-09-01,E-commerce
PED001087,C00044,P91831,10,2026-09-02,Televendas
PED001088,C00034,P00002,16,2026-09-11,Loja Fisica
PED001089,C00028,P00025,2,2026-08-16,Marketplace
PED001090,C00101,P00012,23,2026-09-02,Marketplace
PED001091,C00158,P00023,-8,2026-08-24,E-commerce
PED001092,C00146,P00009,3,2026-09-09,Marketplace
PED001093,C00025,P00030,10,2026-09-04,Marketplace
PED001094,C00121,P00015,8,2026-08-18,Televendas
PED001095,C00094,P00026,6,2026-09-05,Televendas
PED001096,C00084,P00030,16,2026-08-14,Loja Fisica
PED001097,C00122,P00008,12,2026-08-29,Marketplace
PED001098,C00044,P00019,25,2026-08-25,E-commerce
PED001099,C00131,P00007,13,2026-09-09,Loja Fisica
PED001100,C00084,P00036,21,2026-08-16,Televendas
PED001101,C00137,P00030,13,2026-09-01,Marketplace
PED001102,C00062,P00040,8,2026-08-31,E-commerce
PED001103,C00124,P00025,3,2026-08-24,E-commerce
PED001104,C00178,P00038,14,2026-09-08,Marketplace
PED001105,C00146,P00051,11,2026-08-31,E-commerce
PED001106,C00045,P00043,22,2026-08-16,Marketplace
PED001107,C00030,P00038,20,2026-08-28,Televendas
PED001108,C00143,P00007,15,2026-08-19,Televendas
PED001109,C00104,P00005,20,2026-08-17,Marketplace
PED001110,C00084,P00032,21,2026-09-04,Loja Fisica
PED001111,C00024,P00014,5,2026-09-11,Loja Fisica
PED001112,C00194,P00010,22,2026-08-18,Marketplace
PED001113,C00137,P00019,13,2026-09-02,Marketplace
PED001114,C00051,P00014,22,2026-09-11,Televendas
PED001115,C00077,P00037,22,2026-08-23,Marketplace
PED001116,C00184,P00059,12,2026-08-16,Loja Fisica
PED001117,C00157,P00033,13,2026-09-10,E-commerce
PED001118,C00076,P00004,12,2026-09-11,Loja Fisica
PED001119,C00001,P00046,18,2026-09-09,Televendas
PED001120,C00029,P00056,10,2026-09-10,Loja Fisica
PED001121,C00061,P00028,23,2026-09-01,Marketplace
PED001122,C00161,P00021,23,2026-08-26,Marketplace
PED001123,C00098,P00028,18,2026-08-20,E-commerce
PED001124,C00122,P00009,7,2026-08-31,Marketplace
PED001125,C00093,P00054,14,2026-08-18,Televendas
PED001126,C00172,P00009,5,2026-08-14,Loja Fisica
PED001127,C00166,P00002,5,2026-09-06,Marketplace
PED001128,C00169,P00028,5,2026-08-16,E-commerce
PED001129,C00165,P00052,14,2026-09-10,Marketplace
PED001130,C00179,P00039,14,2026-09-02,E-commerce
PED001131,C00117,P00033,14,2026-08-31,Marketplace
PED001132,C00099,P00023,8,2026-08-19,Marketplace
PED001133,C00155,P00001,19,2026-08-29,E-commerce
PED001134,C00183,P00033,9,2026-08-27,Televendas
PED001135,C00009,P00003,19,2026-08-29,Televendas
PED001136,C00029,P00038,0,2026-09-13,Loja Fisica
PED001137,C00187,P00047,17,2026-09-10,Televendas
PED001138,C00120,P00034,3,2026-08-30,Loja Fisica
PED001139,C00063,P00031,21,2026-09-06,Loja Fisica
PED001140,C00176,P00041,18,2026-09-08,Televendas
PED001141,C00157,P00004,11,2026-08-31,Loja Fisica
PED001142,C00121,P00030,17,2026-09-11,Marketplace
PED001143,C00147,P00047,11,2026-08-27,Televendas
PED001144,C00076,P00019,6,2026-08-15,Televendas
PED001145,C00187,P93770,19,2026-08-22,Loja Fisica
PED001146,C00147,P00004,22,2026-08-23,Loja Fisica
PED001147,C00074,P00032,3,2026-08-18,Loja Fisica
PED001148,C00072,P00017,5,2026-09-02,Televendas
PED001149,C00071,P00055,9,2026-08-14,Loja Fisica
PED001150,C00155,P00012,19,2026-09-06,E-commerce
PED001151,C00169,P00029,12,2026-09-08,E-commerce
PED001152,C00067,P00051,23,2026-08-21,Marketplace
PED001153,C00047,P00052,17,2026-09-10,Loja Fisica
PED001154,C00088,P00006,5,2026-09-02,E-commerce
PED001155,C00127,P00049,0,2026-09-07,Marketplace
PED001156,C00170,P00029,24,2026-09-03,E-commerce
PED001157,C00054,P00037,-5,2026-09-09,Televendas
PED001158,C00194,P00053,4,2026-08-15,E-commerce
PED001159,C00119,P00026,16,2026-08-23,Marketplace
PED001160,C00192,P00049,18,2026-08-21,Marketplace
PED001161,C00175,P00046,13,2026-08-29,Televendas
PED001162,C00038,P00034,14,2026-08-14,Televendas
PED001163,C00115,P00025,22,2026-08-24,Loja Fisica
PED001164,C00025,P00059,18,2026-09-03,Televendas
PED001165,C00111,P00040,21,2026-09-10,Televendas
PED001166,C00086,P00018,9,2026-09-08,Loja Fisica
PED001167,C00066,P00042,19,2026-08-26,Marketplace
PED001168,C00198,P00044,24,2026-08-21,E-commerce
PED001169,C00134,P00022,22,2026-09-05,E-commerce
PED001170,C00081,P00036,1,2026-09-04,Loja Fisica
PED001171,C00018,P96759,14,2026-08-17,Loja Fisica
PED001172,C00057,P00047,10,2026-08-22,E-commerce
PED001173,C00009,P00002,20,2026-08-16,Loja Fisica
PED001174,C00153,P00043,7,2026-09-13,Loja Fisica
PED001175,C00182,P94027,3,2026-09-10,E-commerce
PED001176,C00029,P00045,6,2026-08-22,Televendas
PED001177,C00120,P00043,3,2026-09-03,Marketplace
PED001178,C00071,P00050,14,2026-09-05,Televendas
PED001179,C00066,P00011,25,2026-08-16,Televendas
PED001180,C00199,P00004,-5,2026-08-26,Televendas
PED001181,C00068,P00012,15,2026-08-16,Marketplace
PED001182,C00052,P00040,13,2026-08-19,Marketplace
PED001183,C00028,P00010,18,2026-09-07,Marketplace
PED001184,C00056,P00040,21,2026-08-17,Marketplace
PED001185,C00184,P00017,4,2026-08-15,Loja Fisica
PED001186,C00019,P00037,24,2026-08-22,Marketplace
PED001187,C00005,P00058,-7,2026-08-18,Loja Fisica
PED001188,C00069,P00010,23,2026-08-24,Marketplace
PED001189,C00148,P98144,17,2026-09-05,Marketplace
PED001190,C00104,P00055,24,2026-09-07,Loja Fisica
PED001191,C00139,P00015,1,2026-08-26,Marketplace
PED001192,C00032,P00037,18,2026-09-12,Televendas
PED001193,C00086,P00044,10,2026-08-26,Loja Fisica
PED001194,C00162,P00042,3,2026-08-25,Televendas
PED001195,C00021,P00054,15,2026-09-07,Televendas
PED001196,C00166,P00013,6,2026-08-31,Loja Fisica
PED001197,C00099,P00043,7,2026-08-23,Marketplace
PED001198,C00028,P00041,23,2026-08-25,Marketplace
PED001199,C00022,P00057,21,2026-08-28,E-commerce
PED001200,C00036,P00003,7,2026-08-14,E-commerce
PED001201,C00126,P00025,3,2026-09-08,Televendas
PED001202,C00128,P00035,15,2026-09-13,Loja Fisica
PED001203,C00010,P00022,2,2026-08-24,Loja Fisica
PED001204,C00104,P00008,7,2026-09-08,Marketplace
PED001205,C00174,P00056,18,2026-08-18,E-commerce
PED001206,C00019,P00003,24,2026-08-18,Marketplace
PED001207,C00168,P00002,0,2026-09-12,Loja Fisica
PED001208,C00180,P00042,5,2026-08-14,E-commerce
PED001209,C00162,P00004,10,2026-09-09,Loja Fisica
PED001210,C00117,P00040,6,2026-09-09,Loja Fisica
PED001211,C00028,P00008,16,2026-09-02,E-commerce
PED001212,C00017,P96312,7,2026-08-27,Televendas
PED001213,C00031,P00044,19,2026-08-31,E-commerce
PED001214,C00083,P00054,7,2026-09-07,Loja Fisica
PED001215,C93314,P00012,11,2026-08-16,Loja Fisica
PED001216,C00194,P00027,6,2026-09-05,Televendas
PED001217,C00142,P00011,0,2026-08-21,Loja Fisica
PED001218,C00026,P00051,21,2026-09-02,Marketplace
PED001219,C00200,P00011,1,2026-09-11,Marketplace
PED001220,C00021,P00001,1,2026-08-19,Loja Fisica
PED001221,C00181,P00042,19,2026-09-11,Televendas
PED001222,C00107,P00045,25,2026-08-29,E-commerce
PED001223,C00053,P00010,21,2026-08-22,Marketplace
PED001224,C00106,P00016,6,2026-09-02,Loja Fisica
PED001225,C96699,P00012,23,2026-08-29,Loja Fisica
PED001226,C00108,P00001,18,2026-08-21,E-commerce
PED001227,C00031,P00034,4,2026-09-02,Televendas
PED001228,C00195,P00035,0,2026-08-21,Marketplace
PED001229,C00071,P00004,7,2026-08-17,E-commerce
PED001230,C00176,P00055,16,2026-08-29,E-commerce
PED001231,C00041,P00043,2,2026-08-15,Televendas
PED001232,C00073,P00014,14,2026-08-22,Televendas
PED001233,C00158,P00052,25,2026-08-28,Loja Fisica
PED001234,C00027,P00048,0,2026-09-12,E-commerce
PED001235,C00008,P00032,17,2026-08-17,Loja Fisica
PED001236,C00061,P00047,15,2026-09-01,Televendas
PED001237,C00108,P00013,24,2026-09-04,Televendas
PED001238,C00059,P00050,4,2026-08-24,E-commerce
PED001239,C00026,P00016,24,2026-08-27,E-commerce
PED001240,C00097,P91890,8,2026-08-16,Marketplace
PED001241,C00112,P00010,7,2026-09-12,Marketplace
PED001242,C00046,P00025,12,2026-08-18,Marketplace
PED001243,C00185,P00013,21,2026-08-25,Televendas
PED001244,C93236,P00022,5,2026-08-15,Loja Fisica
PED001245,C00029,P00055,15,2026-08-28,Marketplace
PED001246,C00044,P00049,11,2026-08-21,Televendas
PED001247,C00155,P00011,21,2026-09-13,E-commerce
PED001248,C00148,P00036,8,2026-08-16,Marketplace
PED001249,C00134,P95573,7,2026-09-01,Marketplace
PED001250,C00004,P00047,14,2026-09-06,E-commerce
PED001251,C00064,P00021,14,2026-09-01,E-commerce
PED001252,C00152,P00010,19,2026-09-11,Loja Fisica
PED001253,C00107,P00003,2,2026-08-29,Loja Fisica
PED001254,C00109,P00034,13,2026-08-29,Loja Fisica
PED001255,C00116,P00032,8,2026-08-16,Loja Fisica
PED001256,C00178,P00047,14,2026-09-13,E-commerce
PED001257,C00034,P00023,10,2026-08-21,Loja Fisica
PED001258,C00005,P00031,22,2026-08-23,E-commerce
PED001259,C00181,P00030,19,2026-09-06,Loja Fisica
PED001260,C00117,P00030,0,2026-08-18,Marketplace
PED001261,C00095,P00041,15,2026-09-05,Loja Fisica
PED001262,C00161,P00005,13,2026-09-11,Televendas
PED001263,C00136,P00003,10,2026-08-27,Televendas
PED001264,C00179,P00040,18,2026-09-01,E-commerce
PED001265,C00176,P00006,20,2026-09-11,Televendas
PED001266,C00189,P00060,-2,2026-08-30,Televendas
PED001267,C00099,P00024,15,2026-09-02,Loja Fisica
PED001268,C00094,P00024,6,2026-09-03,Loja Fisica
PED001269,C00144,P00046,25,2026-08-20,E-commerce
PED001270,C00086,P00016,18,2026-08-17,Marketplace
PED001271,C00189,P00049,19,2026-09-10,E-commerce
PED001272,C00193,P00048,25,2026-08-21,Televendas
PED001273,C00091,P00058,9,2026-08-30,Marketplace
PED001274,C00071,P00004,3,2026-08-25,Televendas
PED001275,C00116,P00032,17,2026-08-30,Loja Fisica
PED001276,C00121,P00046,18,2026-09-04,Televendas
PED001277,C00116,P00040,12,2026-09-08,Loja Fisica
PED001278,C00049,P00058,15,2026-08-16,Loja Fisica
PED001279,C00101,P00058,6,2026-08-23,Loja Fisica
PED001280,C00028,P93465,9,2026-08-17,E-commerce
PED001281,C00053,P00034,21,2026-08-14,Televendas
PED001282,C00107,P00044,18,2026-09-12,E-commerce
PED001283,C00122,P00023,14,2026-08-28,Loja Fisica
PED001284,C00075,P00013,3,2026-08-14,E-commerce
PED001285,C98965,P00042,11,2026-08-27,Televendas
PED001286,C00152,P00043,23,2026-08-30,Marketplace
PED001287,C00118,P00020,0,2026-08-18,Televendas
PED001288,C00067,P00015,16,2026-08-25,Televendas
PED001289,C00198,P00055,2,2026-08-18,Televendas
PED001290,C00073,P00030,6,2026-09-02,E-commerce
PED001291,C00183,P00035,10,2026-08-19,E-commerce
PED001292,C00182,P00045,22,2026-09-08,E-commerce
PED001293,C00042,P00016,0,2026-08-15,Televendas
PED001294,C00113,P00017,-6,2026-08-19,E-commerce
PED001295,C00089,P00010,12,2026-08-28,E-commerce
PED001296,C00137,P00020,4,2026-09-12,Loja Fisica
PED001297,C00104,P96246,16,2026-09-07,E-commerce
PED001298,C00040,P00001,24,2026-08-31,Televendas
PED001299,C00166,P00046,10,2026-08-29,Televendas
PED001300,C00194,P00037,22,2026-08-18,Marketplace
PED001301,C00087,P00045,4,2026-09-06,Marketplace
PED001302,C91406,P00009,22,2026-08-31,Loja Fisica
PED001303,C00103,P00040,8,2026-08-28,Televendas
PED001304,C00024,P00021,2,2026-09-02,E-commerce
PED001305,C00150,P00034,8,2026-09-08,Televendas
PED001306,C00051,P00002,3,2026-08-31,Marketplace
PED001307,C00174,P00043,3,2026-08-30,Marketplace
PED001308,C00050,P00032,11,2026-09-02,Loja Fisica
PED001309,C00171,P00024,13,2026-08-18,Marketplace
PED001310,C00095,P00025,12,2026-08-14,Televendas
PED001311,C00089,P00023,10,2026-08-28,Loja Fisica
PED001312,C00056,P95728,15,2026-09-06,Marketplace
PED001313,C00042,P00052,24,2026-09-11,Marketplace
PED001314,C00187,P00058,14,2026-08-18,Loja Fisica
PED001315,C00037,P00014,10,2026-08-29,Televendas
PED001316,C00017,P00060,19,2026-09-07,Marketplace
PED001317,C00023,P93865,14,2026-09-03,Televendas
PED001318,C00143,P00030,23,2026-09-01,E-commerce
PED001319,C00052,P00012,13,2026-08-23,Marketplace
PED001320,C00011,P00053,10,2026-09-09,Televendas
PED001321,C00127,P00036,-1,2026-08-28,E-commerce
PED001322,C00040,P00017,-5,2026-09-13,Marketplace
PED001323,C00107,P00012,16,2026-09-12,E-commerce
PED001324,C00008,P00008,-10,2026-08-22,Marketplace
PED001325,C00191,P00024,19,2026-08-29,Marketplace
PED001326,C00067,P00041,22,2026-08-29,Loja Fisica
PED001327,C00096,P00033,24,2026-09-01,Loja Fisica
PED001328,C00067,P00011,19,2026-08-15,E-commerce
PED001329,C00082,P00030,23,2026-08-18,Televendas
PED001330,C00042,P00004,9,2026-08-25,Marketplace
PED001331,C00163,P00059,12,2026-08-15,Televendas
PED001332,C00075,P00034,21,2026-09-12,Loja Fisica
PED001333,C00132,P00013,25,2026-09-03,E-commerce
PED001334,C00196,P00007,20,2026-09-07,E-commerce
PED001335,C96939,P00021,11,2026-09-09,Televendas
PED001336,C00025,P00035,19,2026-08-25,E-commerce
PED001337,C00004,P00009,17,2026-08-23,Televendas
PED001338,C00200,P00032,14,2026-08-24,E-commerce
PED001339,C00027,P00014,5,2026-08-30,E-commerce
PED001340,C00049,P00051,18,2026-09-02,Loja Fisica
PED001341,C00107,P00030,3,2026-08-17,E-commerce
PED001342,C00005,P00031,12,2026-08-23,Televendas
PED001343,C00036,P00053,0,2026-09-11,Televendas
PED001344,C00182,P00020,1,2026-09-06,Loja Fisica
PED001345,C00057,P00009,23,2026-08-18,E-commerce
PED001346,C00079,P00009,7,2026-08-18,Loja Fisica
PED001347,C00109,P00045,25,2026-09-08,Loja Fisica
PED001348,C00020,P00002,25,2026-08-29,Marketplace
PED001349,C00011,P00013,4,2026-08-15,Loja Fisica
PED001350,C00121,P00008,9,2026-08-15,Loja Fisica
PED001351,C00078,P00043,1,2026-09-07,Loja Fisica
PED001352,C00032,P00059,20,2026-08-20,E-commerce
PED001353,C00048,P00043,12,2026-08-14,Loja Fisica
PED001354,C00038,P00055,24,2026-09-13,Televendas
PED001355,C00149,P00023,12,2026-08-19,E-commerce
PED001356,C00130,P00037,0,2026-08-17,Loja Fisica
PED001357,C00184,P00013,10,2026-08-19,Loja Fisica
PED001358,C00186,P00007,7,2026-09-12,Marketplace
PED001359,C00094,P00045,19,2026-08-19,Marketplace
PED001360,C00173,P00007,6,2026-09-09,Televendas
PED001361,C00098,P00028,7,2026-08-30,E-commerce
PED001362,C00105,P00008,25,2026-08-24,Loja Fisica
PED001363,C00120,P00008,17,2026-08-18,Marketplace
PED001364,C00196,P00024,23,2026-08-23,Loja Fisica
PED001365,C00022,P00021,16,2026-08-17,Marketplace
PED001366,C00073,P00030,20,2026-09-06,Televendas
PED001367,C98011,P00054,15,2026-08-21,Marketplace
PED001368,C00049,P00055,3,2026-09-11,Marketplace
PED001369,C00174,P00024,-7,2026-08-14,Marketplace
PED001370,C00113,P00034,22,2026-09-04,Loja Fisica
PED001371,C00031,P00010,13,2026-08-26,Loja Fisica
PED001372,C00190,P00060,6,2026-08-16,Televendas
PED001373,C00051,P00022,7,2026-09-02,Marketplace
PED001374,C00032,P00015,14,2026-09-06,Marketplace
PED001375,C00072,P00049,23,2026-09-07,Televendas
PED001376,C00194,P00051,21,2026-09-13,Marketplace
PED001377,C00092,P00031,22,2026-09-02,Marketplace
PED001378,C00125,P00033,9,2026-08-18,Marketplace
PED001379,C00028,P00008,9,2026-08-29,Marketplace
PED001380,C00060,P00041,5,2026-08-14,Loja Fisica
PED001381,C00189,P00004,0,2026-08-29,Loja Fisica
PED001382,C00098,P00039,22,2026-08-24,E-commerce
PED001383,C00078,P00040,20,2026-08-17,Loja Fisica
PED001384,C00170,P00049,17,2026-09-07,Marketplace
PED001385,C00120,P00013,10,2026-09-04,Marketplace
PED001386,C00126,P00033,9,2026-08-31,Televendas
PED001387,C00139,P00035,1,2026-09-13,Loja Fisica
PED001388,C00111,P00057,4,2026-08-26,Marketplace
PED001389,C00081,P00055,-1,2026-08-28,Marketplace
PED001390,C00046,P00036,0,2026-09-10,Televendas
PED001391,C00126,P92792,5,2026-08-23,Marketplace
PED001392,C00146,P00044,16,2026-09-04,Marketplace
PED001393,C00122,P00036,6,2026-08-30,Loja Fisica
PED001394,C00101,P00017,16,2026-09-01,Marketplace
PED001395,C92006,P00044,12,2026-09-07,Televendas
PED001396,C00008,P00038,2,2026-08-18,Televendas
PED001397,C00090,P00052,24,2026-09-01,Loja Fisica
PED001398,C00196,P00058,21,2026-08-24,Marketplace
PED001399,C00025,P00028,12,2026-08-25,Marketplace
PED001400,C00090,P00004,22,2026-08-21,E-commerce
PED001401,C00061,P00042,10,2026-09-01,Loja Fisica
PED001402,C00177,P00005,10,2026-08-17,Televendas
PED001403,C00044,P00002,18,2026-08-24,Loja Fisica
PED001404,C00118,P00043,14,2026-09-01,Marketplace
PED001405,C00069,P00002,23,2026-08-29,Loja Fisica
PED001406,C00082,P00025,19,2026-08-26,Televendas
PED001407,C00147,P00007,16,2026-08-17,E-commerce
PED001408,C00087,P00032,17,2026-09-08,Televendas
PED001409,C00043,P00040,10,2026-08-25,Marketplace
PED001410,C00052,P00032,21,2026-09-10,Loja Fisica
PED001411,C00138,P00014,10,2026-08-22,Loja Fisica
PED001412,C00077,P00037,13,2026-09-08,E-commerce
PED001413,C95478,P00048,3,2026-09-05,Loja Fisica
PED001414,C00018,P00037,17,2026-08-29,Marketplace
PED001415,C00054,P00023,3,2026-09-03,Televendas
PED001416,C00130,P00052,10,2026-08-27,Televendas
PED001417,C00052,P00027,13,2026-08-22,Marketplace
PED001418,C00172,P00049,18,2026-08-19,Loja Fisica
PED001419,C00161,P00046,17,2026-09-10,E-commerce
PED001420,C00148,P00032,7,2026-09-04,Marketplace
PED001421,C00069,P00060,21,2026-08-31,Marketplace
PED001422,C00145,P00047,21,2026-08-15,E-commerce
PED001423,C00094,P00030,5,2026-08-21,E-commerce
PED001424,C00192,P00044,25,2026-08-23,Marketplace
PED001425,C00106,P00021,3,2026-09-03,E-commerce
PED001426,C00106,P00018,10,2026-09-03,E-commerce
PED001427,C00066,P00044,20,2026-08-21,Marketplace
PED001428,C00062,P00008,5,2026-08-20,Loja Fisica
PED001429,C00063,P00052,10,2026-08-28,Marketplace
PED001430,C00144,P00028,14,2026-09-03,Loja Fisica
PED001431,C00052,P00011,9,2026-08-18,Loja Fisica
PED001432,C00067,P00051,9,2026-09-04,E-commerce
PED001433,C00165,P00055,2,2026-09-13,Marketplace
PED001434,C00006,P00004,3,2026-08-24,Televendas
PED001435,C00017,P00058,14,2026-09-11,Televendas
PED001436,C00172,P00043,3,2026-08-26,E-commerce
PED001437,C00061,P00008,19,2026-09-06,Loja Fisica
PED001438,C00134,P00043,19,2026-09-13,Televendas
PED001439,C00128,P00057,3,2026-08-21,Loja Fisica
PED001440,C00198,P00052,11,2026-08-24,Marketplace
PED001441,C00192,P00048,8,2026-09-12,Marketplace
PED001442,C98200,P00010,4,2026-08-19,E-commerce
PED001443,C00105,P00017,19,2026-08-15,Marketplace
PED001444,C00137,P00024,23,2026-09-13,Loja Fisica
PED001445,C00082,P00035,14,2026-08-29,E-commerce
PED001446,C00072,P00057,5,2026-08-25,Marketplace
PED001447,C00184,P00024,10,2026-08-14,Loja Fisica
PED001448,C00190,P00043,2,2026-09-05,E-commerce
PED001449,C00065,P00036,13,2026-08-23,Televendas
PED001450,C00176,P97364,18,2026-09-10,E-commerce
PED001451,C00003,P00059,13,2026-09-12,Televendas
PED001452,C00078,P00006,25,2026-08-21,Televendas
PED001453,C00054,P00056,6,2026-09-12,Marketplace
PED001454,C00162,P00021,-5,2026-09-03,Marketplace
PED001455,C00021,P00053,25,2026-09-13,Marketplace
PED001456,C00121,P00048,14,2026-09-12,Televendas
PED001457,C00184,P00028,4,2026-09-09,E-commerce
PED001458,C00179,P00017,17,2026-08-16,Televendas
PED001459,C00108,P00039,24,2026-09-09,Televendas
PED001460,C00117,P00045,1,2026-09-07,Loja Fisica
PED001461,C00165,P00042,6,2026-09-03,Marketplace
PED001462,C00165,P00009,1,2026-08-26,E-commerce
PED001463,C00161,P00020,-3,2026-09-01,Loja Fisica
PED001464,C00064,P00034,23,2026-09-07,E-commerce
PED001465,C00153,P00044,14,2026-09-08,Televendas
PED001466,C00116,P00031,24,2026-08-18,Televendas
PED001467,C00045,P00044,19,2026-09-09,Televendas
PED001468,C00073,P00013,3,2026-08-27,Televendas
PED001469,C00047,P00026,13,2026-09-13,E-commerce
PED001470,C00006,P00002,18,2026-09-03,E-commerce
PED001471,C00023,P00030,7,2026-08-22,E-commerce
PED001472,C00013,P00026,20,2026-08-27,Televendas
PED001473,C00039,P00006,12,2026-08-19,Loja Fisica
PED001474,C00004,P00046,17,2026-08-27,Marketplace
PED001475,C00173,P00032,4,2026-08-21,E-commerce
PED001476,C00049,P00056,9,2026-08-23,Marketplace
PED001477,C00098,P00009,14,2026-09-10,E-commerce
PED001478,C00154,P00014,10,2026-09-06,E-commerce
PED001479,C00108,P00012,14,2026-09-08,E-commerce
PED001480,C00008,P00019,9,2026-08-21,Marketplace
PED001481,C00064,P00024,19,2026-09-04,Marketplace
PED001482,C00022,P00001,16,2026-08-18,Televendas
PED001483,C00178,P00026,22,2026-08-20,Marketplace
PED001484,C00182,P00028,24,2026-09-02,Televendas
PED001485,C00019,P00007,18,2026-08-15,Loja Fisica
PED001486,C00086,P00060,8,2026-08-29,Televendas
PED001487,C00156,P00043,20,2026-09-05,Loja Fisica
PED001488,C00002,P00017,17,2026-09-02,Marketplace
PED001489,C00078,P00026,22,2026-08-25,E-commerce
PED001490,C00144,P00003,0,2026-08-19,Televendas
PED001491,C00129,P00032,11,2026-09-11,Marketplace
PED001492,C00034,P00006,11,2026-09-05,Marketplace
PED001493,C00037,P00017,4,2026-08-24,Loja Fisica
PED001494,C00033,P00032,9,2026-09-06,Televendas
PED001495,C00111,P00019,9,2026-09-02,Televendas
PED001496,C00133,P00021,14,2026-09-11,E-commerce
PED001497,C00081,P00048,16,2026-09-07,E-commerce
PED001498,C00143,P00055,22,2026-09-03,Marketplace
PED001499,C00014,P00013,5,2026-08-15,E-commerce
PED001500,C00047,P00003,16,2026-08-22,E-commerce
PED001501,C00181,P00030,14,2026-08-17,Marketplace
PED001502,C00011,P00029,12,2026-09-05,Marketplace
PED001503,C00118,P00032,4,2026-09-10,E-commerce
PED001504,C00032,P00023,3,2026-08-20,Televendas
PED001505,C00047,P00054,6,2026-09-06,Televendas
PED001506,C00145,P00058,22,2026-09-01,E-commerce
PED001507,C00150,P00001,17,2026-09-07,E-commerce
PED001508,C00107,P00059,3,2026-08-21,Marketplace
PED001509,C00174,P00007,11,2026-08-14,Televendas
PED001510,C00175,P00044,4,2026-08-26,Televendas
PED001511,C00152,P00060,4,2026-09-09,Televendas
PED001512,C00040,P00002,3,2026-08-28,Marketplace
PED001513,C00117,P00041,9,2026-09-02,Loja Fisica
PED001514,C93118,P00003,21,2026-09-02,Marketplace
PED001515,C00055,P00056,2,2026-09-08,Televendas
PED001516,C00083,P00052,2,2026-09-06,Loja Fisica
PED001517,C00141,P00039,13,2026-08-16,Marketplace
PED001518,C00066,P00012,8,2026-09-13,Marketplace
PED001519,C00023,P00002,7,2026-08-19,Marketplace
PED001520,C00200,P00026,-5,2026-09-03,E-commerce
PED001521,C00126,P00052,14,2026-09-06,Televendas
PED001522,C00176,P00039,5,2026-08-25,Loja Fisica
PED001523,C00095,P00033,7,2026-08-29,Marketplace
PED001524,C00100,P00031,9,2026-09-01,Marketplace
PED001525,C00024,P00049,14,2026-09-08,Televendas
PED001526,C00158,P00012,14,2026-09-03,Marketplace
PED001527,C00024,P00003,17,2026-08-24,Marketplace
PED001528,C00174,P99638,21,2026-09-04,E-commerce
PED001529,C00162,P00042,17,2026-08-16,Televendas
PED001530,C93434,P00028,3,2026-09-12,Marketplace
PED001531,C00033,P00044,10,2026-09-09,E-commerce
PED001532,C00134,P00028,10,2026-09-01,Loja Fisica
PED001533,C00142,P00005,2,2026-08-30,Loja Fisica
PED001534,C00131,P00028,14,2026-08-17,Marketplace
PED001535,C00170,P00047,19,2026-09-09,Televendas
PED001536,C00091,P00017,19,2026-08-16,Loja Fisica
PED001537,C00030,P00048,22,2026-08-28,E-commerce
PED001538,C00047,P00054,13,2026-08-15,Loja Fisica
PED001539,C00107,P00057,23,2026-08-23,Televendas
PED001540,C00151,P00047,15,2026-09-07,Marketplace
PED001541,C00160,P00052,9,2026-08-24,E-commerce
PED001542,C00055,P00012,3,2026-09-06,Televendas
PED001543,C00173,P00007,14,2026-08-31,Loja Fisica
PED001544,C00002,P00026,4,2026-08-14,E-commerce
PED001545,C00168,P00031,15,2026-09-05,Marketplace
PED001546,C96910,P00048,20,2026-09-06,Marketplace
PED001547,C92435,P00044,23,2026-09-04,Marketplace
PED001548,C00033,P00009,1,2026-08-20,Loja Fisica
PED001549,C00005,P00045,7,2026-09-10,Loja Fisica
PED001550,C00054,P00031,21,2026-08-18,E-commerce
PED001551,C00112,P00054,21,2026-09-10,E-commerce
PED001552,C00023,P00020,25,2026-08-28,E-commerce
PED001553,C00122,P00028,1,2026-08-17,E-commerce
PED001554,C00040,P00048,23,2026-08-28,Marketplace
PED001555,C00121,P00002,0,2026-09-01,E-commerce
PED001556,C00076,P00037,13,2026-08-15,Televendas
PED001557,C00003,P99121,21,2026-09-10,Marketplace
PED001558,C00189,P00038,20,2026-09-06,Televendas
PED001559,C00010,P00032,13,2026-08-29,Marketplace
PED001560,C00060,P00046,2,2026-08-30,Loja Fisica
PED001561,C00109,P00037,11,2026-08-31,Loja Fisica
PED001562,C00069,P00058,21,2026-08-27,Marketplace
PED001563,C00030,P00032,20,2026-09-13,Televendas
PED001564,C00115,P00045,14,2026-08-14,E-commerce
PED001565,C00074,P00047,7,2026-08-29,Televendas
PED001566,C00113,P93148,17,2026-08-21,Televendas
PED001567,C00076,P00047,23,2026-08-26,Marketplace
PED001568,C00173,P00042,24,2026-08-25,Marketplace
PED001569,C00042,P00040,7,2026-08-23,Loja Fisica
PED001570,C00171,P00031,5,2026-08-19,E-commerce
PED001571,C00041,P00039,16,2026-08-17,Marketplace
PED001572,C00127,P00020,-6,2026-08-20,Loja Fisica
PED001573,C00067,P00023,22,2026-08-19,E-commerce
PED001574,C00129,P00003,3,2026-08-24,Marketplace
PED001575,C00030,P00040,8,2026-08-17,E-commerce
PED001576,C00125,P00017,11,2026-09-08,Televendas
PED001577,C00197,P00003,25,2026-09-11,Televendas
PED001578,C00039,P00055,23,2026-09-10,Loja Fisica
PED001579,C00181,P00004,15,2026-09-08,Marketplace
PED001580,C00194,P00008,4,2026-09-08,Loja Fisica
PED001581,C00144,P00003,17,2026-08-17,E-commerce
PED001582,C00162,P00008,7,2026-09-12,Televendas
PED001583,C00041,P92626,10,2026-09-05,Marketplace
PED001584,C00040,P00042,12,2026-08-24,E-commerce
PED001585,C00032,P00055,7,2026-08-28,Marketplace
PED001586,C00197,P00050,1,2026-08-21,Marketplace
PED001587,C97101,P00019,17,2026-08-19,Loja Fisica
PED001588,C00184,P00049,14,2026-08-25,E-commerce
PED001589,C00039,P00049,25,2026-08-30,Marketplace
PED001590,C00059,P99456,14,2026-08-27,Marketplace
PED001591,C00175,P00024,1,2026-08-28,E-commerce
PED001592,C00198,P00001,23,2026-09-08,Loja Fisica
PED001593,C00022,P00022,11,2026-08-26,E-commerce
PED001594,C00112,P00004,13,2026-09-07,Loja Fisica
PED001595,C00170,P00060,21,2026-08-18,Loja Fisica
PED001596,C00162,P97586,22,2026-09-11,Televendas
PED001597,C00175,P00045,18,2026-09-10,Televendas
PED001598,C00185,P00048,11,2026-09-12,Televendas
PED001599,C00003,P00053,9,2026-09-11,E-commerce
PED001600,C00180,P00026,15,2026-09-03,E-commerce
PED001601,C00140,P00040,20,2026-09-03,Marketplace
PED001602,C00179,P00023,21,2026-08-26,E-commerce
PED001603,C00078,P00006,2,2026-08-31,Televendas
PED001604,C00100,P00047,24,2026-09-06,E-commerce
PED001605,C00134,P00035,10,2026-08-20,Loja Fisica
PED001606,C00131,P00036,10,2026-08-30,Televendas
PED001607,C00194,P00041,6,2026-08-14,Loja Fisica
PED001608,C00139,P00038,9,2026-08-21,Televendas
PED001609,C00186,P00028,17,2026-08-17,Loja Fisica
PED001610,C00096,P00017,21,2026-08-30,Televendas
PED001611,C00032,P00004,25,2026-09-03,Loja Fisica
PED001612,C00115,P00020,19,2026-09-06,Loja Fisica
PED001613,C00117,P00022,8,2026-09-08,E-commerce
PED001614,C00090,P00020,10,2026-09-04,E-commerce
PED001615,C00183,P00025,17,2026-09-06,E-commerce
PED001616,C00027,P00021,17,2026-09-01,E-commerce
PED001617,C00200,P97751,15,2026-08-17,E-commerce
PED001618,C00021,P00006,2,2026-08-27,E-commerce
PED001619,C00122,P00014,15,2026-08-16,Televendas
PED001620,C00174,P00034,13,2026-09-01,Marketplace
PED001621,C00068,P00038,16,2026-09-03,Marketplace
PED001622,C00113,P00045,0,2026-09-06,Marketplace
PED001623,C00037,P00033,5,2026-08-29,Marketplace
PED001624,C00034,P00046,17,2026-09-10,Loja Fisica
PED001625,C00178,P00014,15,2026-08-29,Loja Fisica
PED001626,C00192,P00011,18,2026-08-25,Loja Fisica
PED001627,C00155,P00055,14,2026-08-17,Loja Fisica
PED001628,C00095,P00037,10,2026-08-15,E-commerce
PED001629,C00031,P00024,10,2026-08-25,Televendas
PED001630,C00076,P00032,1,2026-09-08,E-commerce
PED001631,C95644,P00051,19,2026-08-27,Loja Fisica
PED001632,C00056,P00012,24,2026-08-29,Loja Fisica
PED001633,C00032,P00036,12,2026-08-16,Loja Fisica
PED001634,C00107,P00031,19,2026-08-23,Marketplace
PED001635,C00087,P00051,13,2026-08-29,E-commerce
PED001636,C00196,P00009,17,2026-09-03,Marketplace
PED001637,C00195,P00029,22,2026-08-28,E-commerce
PED001638,C00187,P00021,3,2026-09-08,Marketplace
PED001639,C00100,P00015,13,2026-08-24,Loja Fisica
PED001640,C00172,P00057,15,2026-09-06,Televendas
PED001641,C00166,P00006,6,2026-09-05,Loja Fisica
PED001642,C00147,P00041,-9,2026-09-05,Televendas
PED001643,C00022,P00013,20,2026-08-31,Loja Fisica
PED001644,C00146,P00034,7,2026-09-07,Marketplace
PED001645,C00129,P00058,1,2026-08-17,E-commerce
PED001646,C00005,P00018,7,2026-08-21,Marketplace
PED001647,C00022,P00052,18,2026-09-02,Televendas
PED001648,C00103,P00038,2,2026-08-29,Loja Fisica
PED001649,C00088,P00028,6,2026-08-27,Loja Fisica
PED001650,C00136,P00021,13,2026-08-22,Loja Fisica
PED001651,C00030,P00007,18,2026-08-19,Televendas
PED001652,C00037,P00012,0,2026-09-07,Loja Fisica
PED001653,C00079,P00027,22,2026-08-19,Loja Fisica
PED001654,C00158,P00021,6,2026-08-14,Loja Fisica
PED001655,C00077,P00025,4,2026-08-24,E-commerce
PED001656,C00106,P00058,11,2026-08-22,Marketplace
PED001657,C00031,P00004,7,2026-08-21,E-commerce
PED001658,C00127,P00033,25,2026-08-30,Marketplace
PED001659,C00030,P92072,2,2026-08-24,Marketplace
PED001660,C00124,P00002,14,2026-09-03,E-commerce
PED001661,C00005,P00018,0,2026-09-13,Loja Fisica
PED001662,C00196,P00036,21,2026-09-08,E-commerce
PED001663,C00078,P00037,14,2026-08-28,Loja Fisica
PED001664,C00163,P00033,7,2026-09-08,E-commerce
PED001665,C00096,P00035,6,2026-09-08,E-commerce
PED001666,C00138,P00028,18,2026-08-28,Loja Fisica
PED001667,C00001,P00053,15,2026-09-13,Televendas
PED001668,C00168,P00011,1,2026-08-15,Marketplace
PED001669,C00070,P00039,9,2026-09-09,Marketplace
PED001670,C00090,P00054,-3,2026-08-20,Televendas
PED001671,C00190,P00035,19,2026-08-16,Televendas
PED001672,C00023,P00026,23,2026-08-17,E-commerce
PED001673,C00186,P00036,9,2026-09-11,Marketplace
PED001674,C00054,P00040,17,2026-09-13,Televendas
PED001675,C00175,P00022,21,2026-08-22,Marketplace
PED001676,C00070,P00016,22,2026-08-24,Televendas
PED001677,C00054,P00030,20,2026-08-24,Loja Fisica
PED001678,C00178,P91070,21,2026-09-12,Loja Fisica
PED001679,C00003,P00044,6,2026-08-27,Marketplace
PED001680,C00196,P00026,18,2026-08-16,Loja Fisica
PED001681,C00138,P00002,22,2026-08-28,Loja Fisica
PED001682,C00091,P00053,13,2026-09-09,Televendas
PED001683,C00100,P00012,25,2026-09-08,Loja Fisica
PED001684,C00032,P00030,12,2026-09-12,E-commerce
PED001685,C00114,P00001,8,2026-09-06,Loja Fisica
PED001686,C00195,P00018,22,2026-09-12,Televendas
PED001687,C00050,P00006,20,2026-09-03,Televendas
PED001688,C00184,P00015,8,2026-08-29,Televendas
PED001689,C00010,P00018,16,2026-09-11,E-commerce
PED001690,C00002,P00013,21,2026-08-26,Loja Fisica
PED001691,C00072,P00037,17,2026-08-29,E-commerce
PED001692,C00142,P00013,22,2026-09-06,E-commerce
PED001693,C00017,P00038,5,2026-09-06,Loja Fisica
PED001694,C00033,P00017,19,2026-09-10,E-commerce
PED001695,C00134,P00047,9,2026-08-20,Loja Fisica
PED001696,C00178,P00044,18,2026-09-02,Televendas
PED001697,C00175,P00036,15,2026-08-14,Marketplace
PED001698,C00165,P00044,21,2026-08-15,Televendas
PED001699,C00111,P00055,14,2026-08-22,Loja Fisica
PED001700,C00175,P00034,15,2026-08-29,Televendas
PED001701,C00133,P00049,2,2026-09-11,E-commerce
PED001702,C00013,P00018,14,2026-08-31,Marketplace
PED001703,C00081,P00001,13,2026-08-20,Televendas
PED001704,C00021,P00057,0,2026-09-08,Loja Fisica
PED001705,C00177,P00028,3,2026-09-12,E-commerce
PED001706,C00051,P00011,11,2026-08-23,Loja Fisica
PED001707,C00161,P91393,4,2026-08-14,Marketplace
PED001708,C00152,P00052,21,2026-09-12,Televendas
PED001709,C00065,P00016,4,2026-08-29,E-commerce
PED001710,C00088,P00054,2,2026-09-09,Televendas
PED001711,C00134,P00051,8,2026-09-13,Loja Fisica
PED001712,C00199,P00039,20,2026-08-28,Loja Fisica
PED001713,C00161,P00029,19,2026-08-17,Loja Fisica
PED001714,C00016,P00059,2,2026-08-26,Televendas
PED001715,C00178,P00005,-5,2026-08-15,Marketplace
PED001716,C00157,P00041,14,2026-08-16,Loja Fisica
PED001717,C00174,P00004,18,2026-08-15,Televendas
PED001718,C00098,P00026,4,2026-09-02,Marketplace
PED001719,C00060,P00056,20,2026-09-08,Loja Fisica
PED001720,C00117,P00025,15,2026-09-08,Marketplace
PED001721,C00159,P00040,4,2026-08-24,Loja Fisica
PED001722,C00117,P00034,11,2026-09-01,E-commerce
PED001723,C00028,P00007,1,2026-09-02,Loja Fisica
PED001724,C00152,P00051,7,2026-09-11,E-commerce
PED001725,C00164,P00033,9,2026-08-25,Marketplace
PED001726,C00124,P00047,20,2026-08-28,E-commerce
PED001727,C00063,P00009,2,2026-08-15,E-commerce
PED001728,C00080,P00038,14,2026-08-30,Televendas
PED001729,C00080,P00038,18,2026-09-07,E-commerce
PED001730,C97042,P00031,10,2026-09-02,Televendas
PED001731,C00003,P00034,19,2026-09-04,E-commerce
PED001732,C00015,P00016,17,2026-09-09,Loja Fisica
PED001733,C00109,P00023,7,2026-08-20,E-commerce
PED001734,C00018,P00022,7,2026-09-04,Marketplace
PED001735,C00178,P00045,15,2026-09-02,Televendas
PED001736,C00149,P00037,11,2026-09-02,Televendas
PED001737,C00108,P00022,6,2026-08-17,Marketplace
PED001738,C00011,P00032,8,2026-09-12,Loja Fisica
PED001739,C00164,P00015,23,2026-08-21,Marketplace
PED001740,C00160,P00014,8,2026-08-29,Televendas
PED001741,C00190,P00025,7,2026-08-26,E-commerce
PED001742,C00002,P00024,1,2026-08-16,Televendas
PED001743,C00008,P00036,4,2026-08-18,Televendas
PED001744,C00113,P00013,21,2026-09-01,Televendas
PED001745,C00012,P00002,7,2026-08-20,Televendas
PED001746,C00045,P00015,9,2026-09-06,E-commerce
PED001747,C00087,P00055,18,2026-08-21,E-commerce
PED001748,C00051,P00002,6,2026-09-09,Televendas
PED001749,C00026,P00002,22,2026-08-18,Marketplace
PED001750,C00168,P00051,4,2026-08-24,E-commerce
PED001751,C00079,P00030,8,2026-08-25,Televendas
PED001752,C00170,P00011,-2,2026-09-08,Marketplace
PED001753,C00037,P00057,5,2026-09-08,E-commerce
PED001754,C00050,P00035,13,2026-09-05,Televendas
PED001755,C00082,P00039,14,2026-09-03,E-commerce
PED001756,C00012,P00049,20,2026-09-01,E-commerce
PED001757,C00138,P00019,5,2026-08-24,E-commerce
PED001758,C00014,P00041,9,2026-09-10,E-commerce
PED001759,C00131,P00038,16,2026-08-20,Loja Fisica
PED001760,C00121,P00051,22,2026-09-02,Loja Fisica
PED001761,C00043,P00033,13,2026-09-07,Televendas
PED001762,C00128,P00034,15,2026-08-19,Televendas
PED001763,C00183,P00024,17,2026-09-05,Marketplace
PED001764,C00184,P00032,16,2026-08-22,Marketplace
PED001765,C00164,P00059,0,2026-09-03,Loja Fisica
PED001766,C00057,P94581,7,2026-08-28,E-commerce
PED001767,C00079,P00028,13,2026-09-01,E-commerce
PED001768,C00096,P00017,18,2026-08-16,E-commerce
PED001769,C00193,P00006,10,2026-08-28,Televendas
PED001770,C00059,P98391,2,2026-08-28,Televendas
PED001771,C00120,P00028,14,2026-08-25,Marketplace
PED001772,C00082,P00018,13,2026-08-14,E-commerce
PED001773,C00114,P00015,9,2026-09-03,Loja Fisica
PED001774,C00092,P00058,3,2026-08-23,Loja Fisica
PED001775,C00071,P00060,8,2026-08-17,Loja Fisica
PED001776,C00019,P00024,2,2026-08-31,E-commerce
PED001777,C00086,P00013,22,2026-08-24,Televendas
PED001778,C00078,P00048,25,2026-09-04,Televendas
PED001779,C00049,P00046,20,2026-08-18,Televendas
PED001780,C00003,P00050,10,2026-08-23,Televendas
PED001781,C00104,P00026,19,2026-09-07,Loja Fisica
PED001782,C00121,P00042,17,2026-09-07,E-commerce
PED001783,C00102,P94829,8,2026-09-06,E-commerce
PED001784,C00133,P00038,18,2026-09-07,Marketplace
PED001785,C00185,P00053,15,2026-08-24,Loja Fisica
PED001786,C00081,P00055,7,2026-08-27,Marketplace
PED001787,C00054,P00029,15,2026-09-10,Loja Fisica
PED001788,C00096,P00009,19,2026-09-10,E-commerce
PED001789,C00079,P00048,1,2026-08-29,Televendas
PED001790,C00087,P00015,14,2026-08-27,Marketplace
PED001791,C00196,P00050,23,2026-08-31,Televendas
PED001792,C00084,P00038,1,2026-09-01,Loja Fisica
PED001793,C00036,P00010,11,2026-09-01,Marketplace
PED001794,C00098,P00014,13,2026-08-16,Marketplace
PED001795,C00049,P00031,4,2026-08-24,Marketplace
PED001796,C00164,P00058,10,2026-08-16,E-commerce
PED001797,C00027,P00044,18,2026-08-19,Loja Fisica
PED001798,C00177,P00039,16,2026-08-14,E-commerce
PED001799,C00051,P00005,13,2026-08-23,E-commerce
PED001800,C00060,P00019,22,2026-08-30,Loja Fisica
PED001801,C00117,P00004,12,2026-08-30,Loja Fisica
PED001802,C00044,P00021,14,2026-08-26,E-commerce
PED001803,C00029,P00009,18,2026-08-27,Marketplace
PED001804,C00191,P00005,13,2026-09-13,E-commerce
PED001805,C00034,P00056,7,2026-08-23,Marketplace
PED001806,C00182,P00043,16,2026-08-19,Televendas
PED001807,C94304,P00013,17,2026-09-05,Marketplace
PED001808,C00002,P00010,15,2026-08-16,Marketplace
PED001809,C00155,P00052,8,2026-08-30,Televendas
PED001810,C00146,P00057,16,2026-08-28,Marketplace
PED001811,C00148,P00003,24,2026-08-16,Televendas
PED001812,C00166,P00057,15,2026-08-25,Televendas
PED001813,C00101,P00040,6,2026-08-27,E-commerce
PED001814,C00046,P00058,20,2026-09-06,Marketplace
PED001815,C00118,P00025,22,2026-08-19,Loja Fisica
PED001816,C00101,P00045,2,2026-08-21,E-commerce
PED001817,C00071,P00057,21,2026-08-31,Televendas
PED001818,C00171,P00059,3,2026-09-05,E-commerce
PED001819,C00127,P00027,25,2026-08-31,Loja Fisica
PED001820,C00095,P00005,25,2026-08-17,Televendas
PED001821,C00105,P00029,6,2026-08-22,E-commerce
PED001822,C00130,P00003,15,2026-08-14,Loja Fisica
PED001823,C00164,P00045,22,2026-09-06,Marketplace
PED001824,C00098,P00022,24,2026-08-26,E-commerce
PED001825,C00102,P00003,1,2026-08-22,Loja Fisica
PED001826,C00182,P00059,5,2026-08-24,Marketplace
PED001827,C00125,P00030,3,2026-08-16,E-commerce
PED001828,C00183,P00029,5,2026-08-29,Televendas
PED001829,C00042,P00011,1,2026-09-02,Loja Fisica
PED001830,C00046,P00019,4,2026-08-31,Marketplace
PED001831,C00044,P00005,22,2026-09-07,Loja Fisica
PED001832,C00174,P00018,5,2026-08-28,Televendas
PED001833,C00046,P00014,23,2026-08-15,E-commerce
PED001834,C00114,P00045,2,2026-09-09,Loja Fisica
PED001835,C00100,P00045,-1,2026-08-28,Loja Fisica
PED001836,C00198,P00025,25,2026-08-20,E-commerce
PED001837,C00096,P00059,8,2026-08-20,Loja Fisica
PED001838,C00005,P00027,1,2026-08-14,Televendas
PED001839,C00050,P00044,22,2026-08-16,E-commerce
PED001840,C00025,P00052,22,2026-08-19,E-commerce
PED001841,C00012,P00027,17,2026-08-17,Televendas
PED001842,C00083,P98010,21,2026-08-20,E-commerce
PED001843,C00031,P00015,7,2026-08-17,Televendas
PED001844,C00083,P00012,1,2026-08-26,Televendas
PED001845,C00004,P00025,7,2026-08-28,E-commerce
PED001846,C00017,P00043,9,2026-09-03,Televendas
PED001847,C00012,P00005,7,2026-08-27,Televendas
PED001848,C00197,P00039,16,2026-08-17,E-commerce
PED001849,C00065,P00007,20,2026-08-24,Marketplace
PED001850,C00174,P00060,25,2026-09-05,E-commerce
PED001851,C00086,P00012,21,2026-09-07,Televendas
PED001852,C00171,P00031,3,2026-08-24,Loja Fisica
PED001853,C00156,P00059,19,2026-08-28,Marketplace
PED001854,C00131,P00041,24,2026-08-21,Loja Fisica
PED001855,C00060,P00002,20,2026-09-07,Loja Fisica
PED001856,C00080,P00016,-1,2026-08-27,E-commerce
PED001857,C00036,P00024,16,2026-08-23,E-commerce
PED001858,C00039,P00025,7,2026-09-03,Loja Fisica
PED001859,C00061,P00060,24,2026-09-02,Marketplace
PED001860,C00190,P00057,11,2026-08-18,Televendas
PED001861,C00082,P00042,25,2026-08-15,Marketplace
PED001862,C00166,P00053,0,2026-09-07,Loja Fisica
PED001863,C00188,P00022,11,2026-08-21,E-commerce
PED001864,C00139,P00004,22,2026-08-21,E-commerce
PED001865,C00156,P00056,13,2026-08-30,Televendas
PED001866,C00047,P00029,21,2026-08-14,Loja Fisica
PED001867,C00126,P00005,7,2026-08-15,E-commerce
PED001868,C00053,P00009,3,2026-08-19,E-commerce
PED001869,C00061,P00033,3,2026-08-27,Marketplace
PED001870,C00080,P00011,24,2026-08-20,E-commerce
PED001871,C00109,P00012,20,2026-08-21,Televendas
PED001872,C00074,P00037,15,2026-09-13,E-commerce
PED001873,C00070,P00056,16,2026-08-16,Televendas
PED001874,C00102,P00025,6,2026-08-29,Marketplace
PED001875,C00109,P00033,20,2026-09-06,Marketplace
PED001876,C00195,P00010,16,2026-08-14,Marketplace
PED001877,C00110,P00055,3,2026-09-07,Televendas
PED001878,C00153,P00035,5,2026-08-31,E-commerce
PED001879,C00066,P00025,15,2026-08-23,Marketplace
PED001880,C00073,P00025,-6,2026-09-02,Marketplace
PED001881,C00035,P00046,16,2026-08-20,E-commerce
PED001882,C00049,P00001,1,2026-09-10,Televendas
PED001883,C00126,P00026,14,2026-09-13,Marketplace
PED001884,C00191,P00024,-7,2026-08-29,Televendas
PED001885,C00010,P00059,4,2026-08-26,E-commerce
PED001886,C00050,P00049,14,2026-09-13,Televendas
PED001887,C00198,P97032,25,2026-09-06,Televendas
PED001888,C00179,P00004,21,2026-08-26,Marketplace
PED001889,C00189,P00016,8,2026-08-29,Loja Fisica
PED001890,C00093,P00041,23,2026-09-04,Loja Fisica
PED001891,C00179,P00043,21,2026-08-18,Televendas
PED001892,C00155,P00030,22,2026-08-18,Televendas
PED001893,C00064,P00039,-2,2026-09-13,E-commerce
PED001894,C00198,P00006,21,2026-09-05,Marketplace
PED001895,C00102,P00046,19,2026-09-11,Loja Fisica
PED001896,C00133,P00059,7,2026-09-11,Marketplace
PED001897,C00043,P00054,14,2026-08-22,Televendas
PED001898,C00129,P00035,22,2026-09-11,Marketplace
PED001899,C00151,P00020,24,2026-08-27,Loja Fisica
PED001900,C00028,P00041,19,2026-09-07,Televendas
PED001901,C00037,P00018,24,2026-08-20,Marketplace
PED001902,C00179,P00020,1,2026-08-19,Marketplace
PED001903,C00001,P00007,3,2026-09-07,Marketplace
PED001904,C00135,P00027,21,2026-08-23,Marketplace
PED001905,C00044,P00012,12,2026-08-19,E-commerce
PED001906,C00051,P00032,6,2026-08-30,Loja Fisica
PED001907,C00116,P00037,7,2026-08-19,E-commerce
PED001908,C00016,P00048,6,2026-09-08,E-commerce
PED001909,C00067,P00058,14,2026-08-28,Loja Fisica
PED001910,C00163,P00011,3,2026-08-23,Loja Fisica
PED001911,C00097,P00008,9,2026-08-16,Televendas
PED001912,C00008,P00038,8,2026-08-29,Marketplace
PED001913,C00173,P00049,4,2026-08-14,Loja Fisica
PED001914,C00069,P00049,1,2026-09-04,Loja Fisica
PED001915,C00025,P00014,17,2026-09-08,Loja Fisica
PED001916,C00097,P00039,17,2026-09-13,Televendas
PED001917,C00125,P00031,25,2026-08-24,Marketplace
PED001918,C00087,P00024,22,2026-09-11,Televendas
PED001919,C00081,P00053,8,2026-09-13,Televendas
PED001920,C00171,P00026,13,2026-09-02,Loja Fisica
PED001921,C00092,P00056,11,2026-09-08,Loja Fisica
PED001922,C00001,P00030,23,2026-08-26,E-commerce
PED001923,C00007,P00039,4,2026-09-10,Televendas
PED001924,C00180,P00049,8,2026-08-25,Marketplace
PED001925,C00159,P00044,22,2026-09-10,Marketplace
PED001926,C00132,P00027,22,2026-08-20,Loja Fisica
PED001927,C00164,P00053,11,2026-08-14,Televendas
PED001928,C00012,P00052,24,2026-08-24,Marketplace
PED001929,C00060,P00039,16,2026-08-26,Loja Fisica
PED001930,C00090,P00028,16,2026-09-04,Loja Fisica
PED001931,C00188,P00025,10,2026-09-02,E-commerce
PED001932,C00183,P00010,17,2026-09-11,Loja Fisica
PED001933,C00033,P00032,3,2026-08-23,Marketplace
PED001934,C00044,P00058,15,2026-09-13,Loja Fisica
PED001935,C00124,P00043,18,2026-08-21,E-commerce
PED001936,C00055,P00011,25,2026-09-13,Loja Fisica
PED001937,C97283,P00028,23,2026-08-14,E-commerce
PED001938,C00197,P00018,8,2026-09-06,Televendas
PED001939,C00171,P00031,22,2026-08-17,E-commerce
PED001940,C00137,P00041,24,2026-08-29,Loja Fisica
PED001941,C97176,P00022,8,2026-09-12,Loja Fisica
PED001942,C00184,P00048,24,2026-09-06,Marketplace
PED001943,C00168,P00042,18,2026-09-13,Marketplace
PED001944,C00060,P00015,9,2026-08-17,Televendas
PED001945,C00023,P00008,3,2026-08-24,E-commerce
PED001946,C00191,P00008,19,2026-08-25,E-commerce
PED001947,C00081,P00025,19,2026-09-06,Loja Fisica
PED001948,C00080,P00004,19,2026-08-31,E-commerce
PED001949,C00100,P00028,0,2026-09-07,Televendas
PED001950,C00134,P00043,20,2026-09-01,E-commerce
PED001951,C00028,P00026,1,2026-08-31,Marketplace
PED001952,C00081,P00010,10,2026-09-09,E-commerce
PED001953,C00128,P00044,15,2026-08-18,Televendas
PED001954,C00038,P00048,22,2026-09-10,Loja Fisica
PED001955,C98836,P00021,10,2026-08-30,Loja Fisica
PED001956,C00162,P00054,7,2026-08-29,Televendas
PED001957,C00181,P00025,2,2026-09-08,Televendas
PED001958,C00040,P00053,23,2026-08-20,E-commerce
PED001959,C00180,P00048,2,2026-09-12,E-commerce
PED001960,C00125,P00047,13,2026-08-23,E-commerce
PED001961,C00006,P00036,13,2026-08-24,Marketplace
PED001962,C00174,P92176,12,2026-09-07,Marketplace
PED001963,C00136,P92594,10,2026-08-23,E-commerce
PED001964,C00034,P00021,25,2026-09-08,Loja Fisica
PED001965,C00182,P00020,15,2026-09-03,E-commerce
PED001966,C00148,P00009,15,2026-09-05,Marketplace
PED001967,C00075,P00058,5,2026-08-20,E-commerce
PED001968,C00192,P00013,24,2026-09-03,Loja Fisica
PED001969,C00093,P00047,19,2026-08-17,E-commerce
PED001970,C00097,P00028,22,2026-09-09,E-commerce
PED001971,C00015,P00007,12,2026-08-29,E-commerce
PED001972,C00014,P00008,17,2026-09-03,Televendas
PED001973,C00152,P00028,5,2026-09-03,Marketplace
PED001974,C00063,P00003,4,2026-08-21,Marketplace
PED001975,C00126,P00020,23,2026-09-02,E-commerce
PED001976,C00168,P00048,13,2026-09-07,Loja Fisica
PED001977,C00200,P00030,21,2026-08-26,Televendas
PED001978,C00162,P00042,15,2026-08-25,Loja Fisica
PED001979,C00031,P00008,0,2026-08-17,Marketplace
PED001980,C00006,P00038,19,2026-09-01,Marketplace
PED001981,C00071,P00045,24,2026-08-17,E-commerce
PED001982,C00099,P00031,21,2026-09-05,Marketplace
PED001983,C00077,P00037,5,2026-08-17,Televendas
PED001984,C00017,P00046,18,2026-08-19,Marketplace
PED001985,C00180,P00002,13,2026-08-31,Marketplace
PED001986,C00017,P00034,19,2026-08-31,Loja Fisica
PED001987,C00193,P00049,7,2026-09-13,Loja Fisica
PED001988,C00047,P00056,20,2026-09-05,E-commerce
PED001989,C00002,P00036,-1,2026-09-08,Televendas
PED001990,C00033,P00037,7,2026-09-03,E-commerce
PED001991,C00023,P00036,9,2026-09-10,Loja Fisica
PED001992,C00022,P00008,17,2026-08-23,Televendas
PED001993,C00140,P00011,14,2026-09-13,Loja Fisica
PED001994,C00064,P00020,2,2026-09-13,Televendas
PED001995,C00169,P00035,15,2026-08-18,Marketplace
PED001996,C00178,P00021,17,2026-09-12,Televendas
PED001997,C00156,P00035,17,2026-08-20,Loja Fisica
PED001998,C00170,P00053,2,2026-08-21,Loja Fisica
PED001999,C00049,P00010,10,2026-09-10,E-commerce
PED002000,C00035,P00039,18,2026-08-20,Televendas
